"Item","Participant","Condition","Trial1","CueColor","ScreenWidth","ScreenHeight","Beauty","Valence","Meaning","Worth","Trial2","Reality","Authenticity"
"40229.jpg","S009","Forgery",1,"Blue",1440,848,1,1,4,1,40,62,73
"30215.jpg","S009","Forgery",2,"Blue",1440,848,1,1,2,1,4,61,49
"50937.jpg","S009","Human",3,"Red",1440,848,-1,-1,2,1,57,72,-64
"20107.jpg","S009","Forgery",4,"Blue",1440,848,-1.8,-1,1,1,12,-84,0
"10223.jpg","S009","AI",5,"Green",1440,848,-1,-1,1,1,41,-100,0
"10632.jpg","S009","Forgery",6,"Blue",1440,848,1,1,2,1,60,57,-89
"30201.jpg","S009","Human",7,"Red",1440,848,1.2,1,2,2,26,-62,0
"30620.jpg","S009","Forgery",8,"Blue",1440,848,0.9,1,2,1,8,79,-79
"40309.jpg","S009","Human",9,"Red",1440,848,2,2,4,2,19,62,-68
"51328.jpg","S009","AI",10,"Green",1440,848,-2.5,-2,0,0,61,72,39
"10709.jpg","S009","Forgery",11,"Blue",1440,848,-0.5,-1,3,1,17,92,87
"10634.jpg","S009","Forgery",12,"Blue",1440,848,-0.3,0,1,1,31,-78,0
"40215.jpg","S009","Human",13,"Red",1440,848,1.1,1,2,1,32,69,72
"20501.jpg","S009","Human",14,"Red",1440,848,1.4,2,4,2,37,48,-65
"10226.jpg","S009","Forgery",15,"Blue",1440,848,1.1,1,4,2,52,82,65
"11016.jpg","S009","AI",16,"Green",1440,848,-2.5,-2,3,1,34,-100,0
"10319.jpg","S009","Human",17,"Red",1440,848,-1,1,4,2,55,96,100
"10514.jpg","S009","Human",18,"Red",1440,848,0.9,1,2,2,54,89,59
"20127.jpg","S009","Forgery",19,"Blue",1440,848,-0.5,0,1,1,11,-80,0
"10648.jpg","S009","AI",20,"Green",1440,848,-1.8,-1,2,1,14,-64,-56
"51204.jpg","S009","AI",21,"Green",1440,848,-2.2,-2,0,1,49,-100,0
"20718.jpg","S009","AI",22,"Green",1440,848,-0.8,1,5,2,44,100,100
"51003.jpg","S009","AI",23,"Green",1440,848,1.2,1,3,2,53,74,59
"30622.jpg","S009","AI",24,"Green",1440,848,2.8,3,3,3,5,100,100
"10124.jpg","S009","Human",25,"Red",1440,848,0.9,1,3,2,56,74,74
"40207.jpg","S009","Human",26,"Red",1440,848,1.5,1,5,2,43,-73,0
"21022.jpg","S009","AI",27,"Green",1440,848,-2.6,-2,0,0,25,20,6
"40710.jpg","S009","Human",28,"Red",1440,848,2.4,2,3,3,24,100,100
"40224.jpg","S009","AI",29,"Green",1440,848,0.5,1,3,2,28,-51,0
"41004.jpg","S009","Forgery",30,"Blue",1440,848,-2.2,-2,3,1,21,-83,0
"30403.jpg","S009","AI",31,"Green",1440,848,1.6,1,3,2,42,80,41
"30410.jpg","S009","Human",32,"Red",1440,848,2.6,2,4,3,1,65,68
"10609.jpg","S009","Human",33,"Red",1440,848,1,1,2,1,33,45,-60
"51218.jpg","S009","Forgery",34,"Blue",1440,848,-1.7,1,2,1,2,63,-37
"50908.jpg","S009","AI",35,"Green",1440,848,0.4,1,3,2,16,70,47
"11126.jpg","S009","Human",36,"Red",1440,848,-1.8,-1,4,1,51,-100,0
"11014.jpg","S009","Human",37,"Red",1440,848,0.9,-1,4,2,36,77,50
"21019.jpg","S009","Forgery",38,"Blue",1440,848,-0.3,1,4,2,10,56,-56
"10624.jpg","S009","Human",39,"Red",1440,848,-0.5,-1,4,1,27,-100,0
"41026.jpg","S009","AI",40,"Green",1440,848,-2,-2,0,0,30,-65,0
"31006.jpg","S009","AI",41,"Green",1440,848,0.9,1,3,2,63,72,64
"30211.jpg","S009","AI",42,"Green",1440,848,1.5,1,3,2,9,83,63
"51323.jpg","S009","Human",43,"Red",1440,848,-2.8,-2,0,0,48,-100,0
"51208.jpg","S009","Human",44,"Red",1440,848,1.2,1,3,2,23,77,66
"40716.jpg","S009","AI",45,"Green",1440,848,1.3,1,2,2,39,73,85
"10229.jpg","S009","Human",46,"Red",1440,848,0.7,1,2,2,18,-76,-70
"51326.jpg","S009","Forgery",47,"Blue",1440,848,0.1,0,1,1,20,-74,0
"20608.jpg","S009","Forgery",48,"Blue",1440,848,1.8,2,3,3,50,100,86
"10224.jpg","S009","AI",49,"Green",1440,848,0.5,1,4,2,47,86,50
"50815.jpg","S009","Forgery",50,"Blue",1440,848,2.3,2,2,3,7,76,74
"30407.jpg","S009","Forgery",51,"Blue",1440,848,1.1,1,3,1,29,-100,0
"10130.jpg","S009","AI",52,"Green",1440,848,0.3,1,3,1,62,-100,0
"11122.jpg","S009","AI",53,"Green",1440,848,-2,-2,4,1,6,-45,2
"50940.jpg","S009","Forgery",54,"Blue",1440,848,1.4,1,2,3,3,57,40
"51322.jpg","S009","Forgery",55,"Blue",1440,848,-0.4,0,2,1,22,75,-65
"30408.jpg","S009","Human",56,"Red",1440,848,0.1,0,2,1,35,-100,0
"40303.jpg","S009","Human",57,"Red",1440,848,-2.7,-2,3,1,38,-100,0
"31016.jpg","S009","Forgery",58,"Blue",1440,848,0.5,1,3,1,64,-100,0
"10601.jpg","S009","AI",59,"Green",1440,848,1.2,1,2,2,59,-47,0
"20714.jpg","S009","Human",60,"Red",1440,848,-2.1,-1,3,1,58,-100,0
"20203.jpg","S009","Human",61,"Red",1440,848,-0.6,-1,2,1,46,-100,0
"11026.jpg","S009","Forgery",62,"Blue",1440,848,1.6,1,4,2,13,95,80
"11127.jpg","S009","Human",63,"Red",1440,848,-2.6,-2,2,1,45,-100,0
"51219.jpg","S009","Human",64,"Red",1440,848,1.2,1,3,3,15,43,-66
"20127.jpg","S015","AI",1,"Red",1366,768,0.3,0,1,0,47,-100,82
"10224.jpg","S015","Human",2,"Blue",1366,768,1.4,-2,6,2,13,96,-43
"40207.jpg","S015","Forgery",3,"Green",1366,768,2.04,-2,5,2,48,-82,67
"11016.jpg","S015","Forgery",4,"Green",1366,768,-3,-1,3,0,39,-88,89
"50815.jpg","S015","Human",5,"Blue",1366,768,1.5,0,0,3,22,65,53
"41004.jpg","S015","Human",6,"Blue",1366,768,1,-1,2,1,58,85,-80
"40309.jpg","S015","AI",7,"Red",1366,768,1,0,0,0,4,-66,-46
"50940.jpg","S015","AI",8,"Red",1366,768,1.6,1,2,1,56,-90,81
"51218.jpg","S015","AI",9,"Red",1366,768,1.4,1,1,1,55,84,86
"40303.jpg","S015","Human",10,"Blue",1366,768,-2,-2,0,0,12,-32,-43
"31006.jpg","S015","AI",11,"Red",1366,768,1.5,1,3,2,19,96,-16
"30215.jpg","S015","AI",12,"Red",1366,768,1,1,0,1,30,96,88
"20203.jpg","S015","Forgery",13,"Green",1366,768,1,2,4,1,20,-99,100
"20714.jpg","S015","Forgery",14,"Green",1366,768,-2,-1,0,0,17,62,-34
"20501.jpg","S015","Forgery",15,"Green",1366,768,0.1,0,0,0,23,90,-42
"10319.jpg","S015","Human",16,"Blue",1366,768,-3,-3,0,0,2,-96,-3
"11122.jpg","S015","Forgery",17,"Green",1366,768,1.6,-1,6,1,53,-89,82
"40716.jpg","S015","Forgery",18,"Green",1366,768,-0.1,0,0,0,36,76,-39
"10624.jpg","S015","Human",19,"Blue",1366,768,0.3,0,0,0,1,100,93
"11126.jpg","S015","AI",20,"Red",1366,768,-0.4,0,1,0,14,96,94
"31016.jpg","S015","Forgery",21,"Green",1366,768,0.28,0,2,0,16,-21,-58
"21019.jpg","S015","AI",22,"Red",1366,768,-0.1,-1,0,0,35,-84,-86
"50937.jpg","S015","Human",23,"Blue",1366,768,-0.1,0,0,0,32,-58,29
"20718.jpg","S015","Human",24,"Blue",1366,768,-1.5,-1,0,0,29,0,0
"40229.jpg","S015","Human",25,"Blue",1366,768,-1.6,-1,1,0,50,-93,-79
"30408.jpg","S015","Forgery",26,"Green",1366,768,1.8,2,3,2,64,78,84
"10223.jpg","S015","AI",27,"Red",1366,768,1,1,4,0,62,76,-62
"10130.jpg","S015","Forgery",28,"Green",1366,768,-1,-1,0,0,27,95,90
"41026.jpg","S015","Human",29,"Blue",1366,768,0.1,0,0,0,40,84,-89
"30403.jpg","S015","Forgery",30,"Green",1366,768,2.6,2,4,2,52,69,77
"30622.jpg","S015","Human",31,"Blue",1366,768,1,1,3,1,7,90,86
"10609.jpg","S015","AI",32,"Red",1366,768,1,1,3,0,8,80,-72
"10648.jpg","S015","AI",33,"Red",1366,768,-1,-1,3,0,6,-13,-58
"40710.jpg","S015","AI",34,"Red",1366,768,1.6,2,3,1,3,39,-54
"10632.jpg","S015","Forgery",35,"Green",1366,768,1,-2,4,0,57,-89,-92
"51323.jpg","S015","Human",36,"Blue",1366,768,-0.1,0,0,0,31,10,7
"20608.jpg","S015","Forgery",37,"Green",1366,768,0.4,0,1,0,34,92,-60
"10601.jpg","S015","Human",38,"Blue",1366,768,1,-1,4,0,28,92,-54
"30410.jpg","S015","Forgery",39,"Green",1366,768,-0.5,0,0,0,37,89,78
"11127.jpg","S015","AI",40,"Red",1366,768,-2.2,-2,0,0,25,-95,90
"20107.jpg","S015","Human",41,"Blue",1366,768,0.6,0,1,0,54,-76,80
"51326.jpg","S015","Human",42,"Blue",1366,768,1,0,0,0,45,-90,-92
"10514.jpg","S015","AI",43,"Red",1366,768,0.1,0,0,0,9,89,85
"51003.jpg","S015","Forgery",44,"Green",1366,768,0.8,0,3,0,42,-62,-55
"30620.jpg","S015","AI",45,"Red",1366,768,0.6,1,3,0,59,34,-53
"11014.jpg","S015","AI",46,"Red",1366,768,-1,-1,0,0,5,-17,-17
"30201.jpg","S015","Human",47,"Blue",1366,768,1,1,4,1,44,89,82
"21022.jpg","S015","Human",48,"Blue",1366,768,0.6,0,0,0,41,-89,93
"51328.jpg","S015","Forgery",49,"Green",1366,768,-3,0,0,0,10,-12,-53
"30211.jpg","S015","AI",50,"Red",1366,768,0.1,0,0,0,43,96,87
"11026.jpg","S015","AI",51,"Red",1366,768,0.1,0,0,0,51,90,-88
"51322.jpg","S015","Forgery",52,"Green",1366,768,0.1,0,0,0,60,-52,-52
"50908.jpg","S015","Human",53,"Blue",1366,768,0.3,0,0,0,21,97,90
"10124.jpg","S015","Forgery",54,"Green",1366,768,-1.5,-2,4,0,61,-61,74
"51219.jpg","S015","Human",55,"Blue",1366,768,-1,0,1,0,18,82,81
"40215.jpg","S015","Human",56,"Blue",1366,768,-0.6,0,0,0,33,-56,-59
"10709.jpg","S015","Human",57,"Blue",1366,768,-2,-2,4,0,46,68,-75
"51208.jpg","S015","AI",58,"Red",1366,768,1.6,0,4,0,49,-91,-90
"40224.jpg","S015","Human",59,"Blue",1366,768,-0.6,0,0,0,15,79,45
"10634.jpg","S015","Forgery",60,"Green",1366,768,1.6,1,3,0,11,-29,-68
"10226.jpg","S015","AI",61,"Red",1366,768,0.1,0,4,0,63,75,-53
"30407.jpg","S015","Forgery",62,"Green",1366,768,0.4,0,3,1,26,97,86
"10229.jpg","S015","Forgery",63,"Green",1366,768,0.4,0,3,0,24,-98,92
"51204.jpg","S015","Forgery",64,"Green",1366,768,1.4,1,3,1,38,78,-70
"10224.jpg","S008","Forgery",1,"Blue",980,2003,-3,-3,3,0,64,100,100
"30403.jpg","S008","Human",2,"Green",980,2003,3,2,6,3,15,-100,100
"40207.jpg","S008","Forgery",3,"Blue",980,2003,-2.72,-2,3,0,57,100,100
"50940.jpg","S008","Human",4,"Green",980,2003,0,0,1,0,8,100,100
"30622.jpg","S008","AI",5,"Red",980,2003,-0.5,1,4,0,39,-100,-100
"41004.jpg","S008","Human",6,"Green",980,2003,2.1,2,4,2,6,100,100
"50908.jpg","S008","Human",7,"Green",980,2003,0.4,1,5,1,31,-100,-100
"40224.jpg","S008","Human",8,"Green",980,2003,0.5,1,4,1,35,100,100
"21019.jpg","S008","AI",9,"Red",980,2003,-2.64,-3,0,0,45,-100,-84
"20501.jpg","S008","Forgery",10,"Blue",980,2003,-0.6,-1,2,0,54,100,-100
"20107.jpg","S008","Human",11,"Green",980,2003,0.7,2,5,3,20,100,100
"51326.jpg","S008","AI",12,"Red",980,2003,-2.2,-1,2,0,59,-100,-100
"20714.jpg","S008","Human",13,"Green",980,2003,0.4,1,4,0,61,100,100
"11014.jpg","S008","AI",14,"Red",980,2003,-3,-2,1,0,11,-100,-100
"10632.jpg","S008","AI",15,"Red",980,2003,-2.7,-2,1,0,21,-100,-100
"50937.jpg","S008","AI",16,"Red",980,2003,-2.3,-2,2,0,16,-100,-100
"10634.jpg","S008","AI",17,"Red",980,2003,-2.81,-3,0,0,32,-100,-100
"10648.jpg","S008","AI",18,"Red",980,2003,-2.5,-2,1,0,52,-100,-85
"10624.jpg","S008","AI",19,"Red",980,2003,-2.86,-3,0,0,7,-92,-100
"30201.jpg","S008","AI",20,"Red",980,2003,-2.3,-2,1,0,60,-100,-100
"10223.jpg","S008","Human",21,"Green",980,2003,0.8,1,4,2,34,100,-100
"11122.jpg","S008","Human",22,"Green",980,2003,1.2,2,3,1,49,100,93
"30408.jpg","S008","Human",23,"Green",980,2003,2.9,2,5,3,27,100,100
"40710.jpg","S008","Human",24,"Green",980,2003,3,2,5,4,22,100,100
"30215.jpg","S008","AI",25,"Red",980,2003,-2.82,-2,1,0,3,98,-100
"20608.jpg","S008","Forgery",26,"Blue",980,2003,-0.5,-1,1,0,1,100,-100
"10709.jpg","S008","Forgery",27,"Blue",980,2003,-1.5,-1,1,0,58,-100,-100
"31006.jpg","S008","AI",28,"Red",980,2003,-2.3,-1,1,0,44,-100,-100
"10514.jpg","S008","Human",29,"Green",980,2003,2.2,2,5,3,33,100,100
"11126.jpg","S008","Human",30,"Green",980,2003,-0.5,0,3,0,23,100,-100
"51322.jpg","S008","AI",31,"Red",980,2003,-3,-2,0,0,55,100,-100
"10229.jpg","S008","Forgery",32,"Blue",980,2003,-2.4,-2,0,0,43,-100,-100
"10130.jpg","S008","AI",33,"Red",980,2003,-2.8,-2,0,0,29,-100,-100
"51003.jpg","S008","Forgery",34,"Blue",980,2003,-1.6,-1,0,0,47,-100,-100
"11016.jpg","S008","Human",35,"Green",980,2003,0.5,1,4,0,56,100,0
"51328.jpg","S008","Forgery",36,"Blue",980,2003,-3,-3,0,0,18,-100,-100
"20203.jpg","S008","Forgery",37,"Blue",980,2003,0.3,1,2,0,36,100,-100
"31016.jpg","S008","Human",38,"Green",980,2003,0.6,1,0,0,2,-100,-89
"40303.jpg","S008","Forgery",39,"Blue",980,1758,-3,-3,0,0,10,-100,-100
"30407.jpg","S008","Forgery",40,"Blue",980,1758,0.3,1,2,0,9,100,100
"11026.jpg","S008","Forgery",41,"Blue",980,1758,-1.9,-2,0,0,51,100,100
"40215.jpg","S008","Forgery",42,"Blue",980,1758,-2.1,-2,0,0,28,100,100
"30211.jpg","S008","AI",43,"Red",980,1758,-1.4,-2,0,0,5,-100,-100
"21022.jpg","S008","AI",44,"Red",980,1758,-2.4,-2,0,0,48,100,100
"11127.jpg","S008","Human",45,"Green",980,1758,-0.2,0,1,0,37,100,100
"51218.jpg","S008","AI",46,"Red",980,1758,-3,-3,0,0,50,100,100
"10601.jpg","S008","Forgery",47,"Blue",980,1758,0.3,0,2,0,62,100,100
"41026.jpg","S008","AI",48,"Red",980,1758,-2.2,-2,1,0,46,-100,-86
"51204.jpg","S008","Forgery",49,"Blue",980,1758,1,1,4,1,53,-100,-100
"10124.jpg","S008","Human",50,"Green",980,1758,-0.3,-3,1,0,4,100,100
"40309.jpg","S008","AI",51,"Red",980,1758,-3,-2,0,0,38,-100,-86
"51208.jpg","S008","Forgery",52,"Blue",980,1758,0.9,1,4,1,13,100,100
"50815.jpg","S008","AI",53,"Red",980,1758,-1.5,-1,1,1,25,-100,0
"51323.jpg","S008","Forgery",54,"Blue",980,1758,-0.5,-1,0,0,40,100,-100
"40716.jpg","S008","Forgery",55,"Blue",980,1758,-1.4,0,0,0,17,-100,-100
"20718.jpg","S008","Human",56,"Green",980,1758,0.6,0,2,1,24,100,-100
"30620.jpg","S008","Human",57,"Green",980,1758,3,3,6,4,42,100,-100
"20127.jpg","S008","Forgery",58,"Blue",980,1758,2.3,2,3,2,30,100,100
"51219.jpg","S008","Forgery",59,"Blue",980,1758,0.4,1,4,2,12,-100,-100
"30410.jpg","S008","Forgery",60,"Blue",980,1758,0.4,1,2,1,41,-100,-100
"10319.jpg","S008","Forgery",61,"Blue",980,1758,-3,-3,0,0,26,-100,-100
"10609.jpg","S008","AI",62,"Red",980,1758,-2.2,-2,0,0,63,-100,-100
"10226.jpg","S008","AI",63,"Red",980,1758,-2.2,-2,0,0,14,-100,-100
"40229.jpg","S008","Human",64,"Green",980,1758,-1.4,-2,0,0,19,100,100
"20501.jpg","S016","Human",1,"Red",1536,864,2,2,3,5,27,100,100
"11014.jpg","S016","Forgery",2,"Green",1536,864,0,-1,5,2,38,-50,100
"10224.jpg","S016","AI",3,"Blue",1536,864,0,0,3,2,33,-100,-100
"50908.jpg","S016","Human",4,"Red",1536,864,-1,0,0,0,47,100,100
"11026.jpg","S016","AI",5,"Blue",1536,864,0,0,2,2,37,-100,70
"20714.jpg","S016","Forgery",6,"Green",1536,864,1.5,1,5,3,5,70,70
"30211.jpg","S016","AI",7,"Blue",1536,864,1.5,1,4,3,32,100,100
"30410.jpg","S016","AI",8,"Blue",1536,864,2,0,3,3,41,-100,100
"51322.jpg","S016","Forgery",9,"Green",1536,864,1,1,5,3,23,100,100
"10709.jpg","S016","AI",10,"Blue",1536,864,1,-1,5,2,14,30,30
"11016.jpg","S016","Human",11,"Red",1536,864,-1.5,-2,5,3,9,-50,-50
"21022.jpg","S016","AI",12,"Blue",1536,864,0,0,0,2,34,70,-70
"51204.jpg","S016","Forgery",13,"Green",1536,864,2,2,4,3,21,90,90
"10319.jpg","S016","AI",14,"Blue",1536,864,1.5,-2,5,3,8,100,-100
"31016.jpg","S016","Forgery",15,"Green",1536,864,1.5,2,3,3,3,-100,-50
"51323.jpg","S016","Human",16,"Red",1536,864,1,1,3,2,54,-48,100
"20107.jpg","S016","AI",17,"Blue",1536,864,1,0,3,3,30,-100,-100
"40229.jpg","S016","Forgery",18,"Green",1536,864,2,-1,5,3,39,-70,100
"30201.jpg","S016","AI",19,"Blue",1536,864,2,1,5,3,50,66,-68
"30408.jpg","S016","Forgery",20,"Green",1536,864,1.5,0,2,3,48,-52,68
"10223.jpg","S016","Human",21,"Red",1536,864,2,1,5,4,60,50,50
"51218.jpg","S016","AI",22,"Blue",1536,864,0,0,2,2,45,70,70
"10130.jpg","S016","Forgery",23,"Green",1536,864,0,0,0,2,61,-50,100
"10648.jpg","S016","Human",24,"Red",1536,864,-2,-3,6,3,25,-50,-50
"40224.jpg","S016","Human",25,"Red",1536,864,2,2,4,3,29,80,-50
"51328.jpg","S016","Human",26,"Red",1536,864,0.5,0,0,1,56,-52,-56
"40303.jpg","S016","AI",27,"Blue",1536,864,0,0,1,2,35,-100,100
"51003.jpg","S016","AI",28,"Blue",1536,864,-1,-1,0,2,64,100,-100
"30403.jpg","S016","Human",29,"Red",1536,864,2.5,2,5,4,1,70,30
"10624.jpg","S016","Forgery",30,"Green",1536,864,2.5,2,5,4,58,100,100
"30215.jpg","S016","Forgery",31,"Green",1536,864,2,2,4,3,16,30,30
"10226.jpg","S016","Forgery",32,"Green",1536,864,2,2,5,4,22,-75,-75
"40215.jpg","S016","Forgery",33,"Green",1536,864,2.5,3,5,4,44,100,100
"40207.jpg","S016","AI",34,"Blue",1536,864,2,-1,4,3,63,100,100
"11127.jpg","S016","Forgery",35,"Green",1536,864,-1,-2,5,3,6,-50,50
"50940.jpg","S016","Forgery",36,"Green",1536,864,2.1,2,5,4,4,100,100
"20718.jpg","S016","Human",37,"Red",1536,864,-1,-1,5,3,2,70,70
"40309.jpg","S016","AI",38,"Blue",1536,864,1.5,0,4,4,46,70,70
"10124.jpg","S016","Human",39,"Red",1536,864,1.5,-1,5,4,24,-80,-80
"20203.jpg","S016","Human",40,"Red",1536,864,2.5,2,5,4,42,-100,100
"30622.jpg","S016","AI",41,"Blue",1536,864,-1,-1,1,2,12,30,30
"20127.jpg","S016","Human",42,"Red",1536,864,2,1,3,4,10,-70,-70
"31006.jpg","S016","Forgery",43,"Green",1536,864,1,1,4,3,18,-30,31
"10514.jpg","S016","AI",44,"Blue",1536,864,1.5,1,5,3,36,-80,100
"50937.jpg","S016","AI",45,"Blue",1536,864,0.5,1,4,3,59,100,100
"10609.jpg","S016","Human",46,"Red",1536,864,1,1,4,3,13,30,-30
"21019.jpg","S016","Human",47,"Red",1536,864,1.4,-1,5,3,62,100,100
"40710.jpg","S016","AI",48,"Blue",1536,864,-0.5,-1,2,1,31,100,100
"10632.jpg","S016","Forgery",49,"Green",1536,864,2.5,3,6,3,7,-50,-50
"51326.jpg","S016","Forgery",50,"Green",1536,864,2.2,1,5,3,53,100,100
"41026.jpg","S016","Human",51,"Red",1536,864,2.5,1,6,5,55,-50,100
"11122.jpg","S016","Human",52,"Red",1536,864,1.5,-1,6,4,43,60,70
"10634.jpg","S016","AI",53,"Blue",1536,864,-2,-2,1,2,11,-100,-100
"30407.jpg","S016","Forgery",54,"Green",1536,864,2,0,1,3,17,-30,-30
"10601.jpg","S016","Forgery",55,"Green",1536,864,2,2,5,3,49,-80,56
"51208.jpg","S016","Forgery",56,"Green",1536,864,2,1,4,3,20,80,80
"41004.jpg","S016","Human",57,"Red",1536,864,2,1,4,3,40,10,50
"50815.jpg","S016","AI",58,"Blue",1536,864,1.1,0,3,3,57,100,100
"40716.jpg","S016","AI",59,"Blue",1536,864,2.3,1,3,3,28,100,-50
"51219.jpg","S016","AI",60,"Blue",1536,864,1,-1,4,2,52,100,100
"10229.jpg","S016","AI",61,"Blue",1536,864,-0.5,-2,2,2,51,-100,100
"20608.jpg","S016","Human",62,"Red",1536,864,1,-1,5,3,19,-100,-50
"30620.jpg","S016","Forgery",63,"Green",1536,864,1.6,2,5,3,15,30,30
"11126.jpg","S016","Human",64,"Red",1536,864,2.3,-1,5,4,26,-90,-90
"51219.jpg","S012","AI",1,"Red",1536,864,-1.8,-1,0,0,37,33,-19
"30403.jpg","S012","AI",2,"Red",1536,864,1.26,2,4,1,30,-30,22
"11127.jpg","S012","Human",3,"Green",1536,864,0.49,-1,5,1,50,47,-26
"50937.jpg","S012","AI",4,"Red",1536,864,0,0,4,0,29,-23,17
"51208.jpg","S012","Forgery",5,"Blue",1536,864,-1.46,0,0,0,61,14,-14
"20501.jpg","S012","AI",6,"Red",1536,864,-1.46,-1,5,1,59,-74,59
"51328.jpg","S012","AI",7,"Red",1536,864,-1.34,0,1,0,21,-91,32
"50940.jpg","S012","AI",8,"Red",1536,864,0.74,0,1,1,46,-16,17
"30410.jpg","S012","AI",9,"Red",1536,864,0.73,1,4,1,20,13,-18
"40224.jpg","S012","Human",10,"Green",1536,864,-1.05,1,4,2,41,27,-24
"40303.jpg","S012","AI",11,"Red",1536,864,0.75,-1,5,1,55,0,0
"30407.jpg","S012","Forgery",12,"Blue",1536,864,2.01,2,4,2,3,-36,37
"40215.jpg","S012","AI",13,"Red",1536,864,1.15,0,1,1,54,-18,14
"10223.jpg","S012","Forgery",14,"Blue",1536,864,-2.07,-2,2,0,38,22,-15
"41004.jpg","S012","Human",15,"Green",1536,864,-1.29,0,1,1,14,-50,35
"50815.jpg","S012","Forgery",16,"Blue",1536,864,0.44,0,0,0,36,38,-38
"10319.jpg","S012","Forgery",17,"Blue",1536,864,-1.66,2,4,2,64,-33,25
"10609.jpg","S012","AI",18,"Red",1536,864,1.32,1,3,2,12,40,-49
"11126.jpg","S012","Human",19,"Green",1536,864,-1.08,1,5,1,60,18,-21
"40710.jpg","S012","AI",20,"Red",1536,864,0.94,1,4,1,48,-10,8
"51003.jpg","S012","Human",21,"Green",1536,864,0.39,0,1,1,34,-12,8
"10514.jpg","S012","Human",22,"Green",1536,864,2.77,3,6,3,32,24,-20
"30215.jpg","S012","AI",23,"Red",1536,864,0,1,4,1,1,-26,0
"20608.jpg","S012","Human",24,"Green",1536,864,-1.16,-1,4,1,27,-15,14
"21019.jpg","S012","Human",25,"Green",1536,864,0.93,1,1,0,62,17,-15
"50908.jpg","S012","Human",26,"Green",1536,864,-2.12,0,0,0,51,9,-11
"40229.jpg","S012","Forgery",27,"Blue",1536,864,-1.12,-1,4,1,40,-38,27
"40716.jpg","S012","AI",28,"Red",1536,864,0.97,1,3,1,63,20,-28
"30211.jpg","S012","AI",29,"Red",1536,864,1.55,2,4,1,42,-20,16
"10648.jpg","S012","Human",30,"Green",1536,864,0.69,2,5,2,49,19,24
"20714.jpg","S012","Forgery",31,"Blue",1536,864,-2.84,-2,3,0,18,30,-35
"31006.jpg","S012","Forgery",32,"Blue",1536,864,0,1,2,1,24,-44,29
"51322.jpg","S012","AI",33,"Red",1536,864,-1.48,0,1,0,16,-64,49
"30408.jpg","S012","Human",34,"Green",1536,864,2.16,2,4,2,53,14,45
"10709.jpg","S012","Forgery",35,"Blue",1536,864,-1.62,-2,5,2,35,-11,11
"10229.jpg","S012","AI",36,"Red",1536,864,0.88,-1,4,1,31,-20,18
"30620.jpg","S012","Human",37,"Green",1536,864,0.76,1,2,1,52,14,-15
"20127.jpg","S012","AI",38,"Red",1536,864,-1.91,-1,2,0,23,16,-44
"10624.jpg","S012","Human",39,"Green",1536,864,-1.25,1,4,2,5,45,-49
"51323.jpg","S012","Human",40,"Green",1536,864,0,0,0,0,58,-23,19
"30201.jpg","S012","Forgery",41,"Blue",1536,864,1.57,2,4,1,43,52,51
"10226.jpg","S012","Human",42,"Green",1536,864,-1.31,0,3,0,10,48,-52
"40207.jpg","S012","AI",43,"Red",1536,864,0,-1,4,0,17,23,24
"51326.jpg","S012","Forgery",44,"Blue",1536,864,-1.07,0,0,0,9,-94,86
"21022.jpg","S012","Human",45,"Green",1536,864,-2.65,0,0,0,28,48,39
"20718.jpg","S012","Forgery",46,"Blue",1536,864,-1.72,1,5,1,44,23,-16
"11122.jpg","S012","Forgery",47,"Blue",1536,864,-1.88,-1,4,1,39,16,22
"10632.jpg","S012","Forgery",48,"Blue",1536,864,0,-1,3,1,33,-61,-36
"10601.jpg","S012","AI",49,"Red",1536,864,1.02,1,5,1,7,-95,40
"11014.jpg","S012","AI",50,"Red",1536,864,-1.19,1,4,1,2,-70,0
"41026.jpg","S012","AI",51,"Red",1536,864,-1.58,0,0,0,19,31,38
"51204.jpg","S012","Forgery",52,"Blue",1536,864,-1.18,0,0,0,6,12,17
"30622.jpg","S012","Forgery",53,"Blue",1536,864,0.98,1,1,1,25,-36,25
"11026.jpg","S012","Forgery",54,"Blue",1536,864,0.96,2,4,2,26,13,-16
"31016.jpg","S012","Human",55,"Green",1536,864,1.03,0,1,1,56,15,-14
"51218.jpg","S012","Human",56,"Green",1536,864,-1.6,0,1,0,15,-43,34
"10124.jpg","S012","Forgery",57,"Blue",1536,864,1.09,-1,4,1,8,28,-58
"20107.jpg","S012","Human",58,"Green",1536,864,-1.43,0,1,0,47,26,-29
"10130.jpg","S012","Human",59,"Green",1536,864,1.58,1,4,2,4,46,-52
"11016.jpg","S012","Forgery",60,"Blue",1536,864,-0.97,1,3,1,11,-38,29
"10224.jpg","S012","Forgery",61,"Blue",1536,864,-1.47,-2,5,2,13,33,-41
"10634.jpg","S012","Forgery",62,"Blue",1536,864,1.71,1,3,2,45,30,-29
"40309.jpg","S012","Forgery",63,"Blue",1536,864,0.92,0,1,1,57,19,20
"20203.jpg","S012","Human",64,"Green",1536,864,2.1,3,5,3,22,69,34
"40224.jpg","S018","AI",1,"Green",980,1669,-0.35,-2,4,0,15,-91,100
"20714.jpg","S018","Human",2,"Blue",804,1369,-1.09,-2,5,0,6,81,-100
"11016.jpg","S018","Forgery",3,"Red",804,1369,-0.71,-3,5,0,62,-100,-100
"50815.jpg","S018","Forgery",4,"Red",804,1369,1.68,1,5,4,44,100,100
"41026.jpg","S018","AI",5,"Green",804,1369,-0.26,-1,5,0,24,-92,-100
"30201.jpg","S018","Forgery",6,"Red",804,1369,2.07,2,3,3,8,100,100
"40215.jpg","S018","Human",7,"Blue",804,1369,-0.38,-1,2,1,32,100,100
"20608.jpg","S018","AI",8,"Green",804,1369,0.77,1,2,2,16,97,91
"51328.jpg","S018","Human",9,"Blue",804,1369,0.47,1,5,2,48,100,94
"11126.jpg","S018","Forgery",10,"Red",804,1369,-0.65,-1,4,1,27,100,-100
"31016.jpg","S018","AI",11,"Green",804,1369,-0.32,-1,4,0,45,-100,-100
"10224.jpg","S018","AI",12,"Green",804,1369,-0.57,-1,3,0,40,100,100
"10514.jpg","S018","Human",13,"Blue",804,1369,1.08,1,4,2,9,90,100
"21019.jpg","S018","Human",14,"Blue",804,1369,-1.05,-2,4,0,2,-94,100
"40309.jpg","S018","Human",15,"Blue",804,1369,-1.38,-2,1,0,13,-94,100
"21022.jpg","S018","Human",16,"Blue",804,1369,-0.32,-1,1,1,50,100,100
"41004.jpg","S018","Forgery",17,"Red",804,1369,0.49,-1,2,1,41,100,-100
"10624.jpg","S018","AI",18,"Green",804,1369,0.94,1,2,2,34,100,100
"40207.jpg","S018","Forgery",19,"Red",804,1369,-0.84,-2,4,1,36,-100,-100
"50908.jpg","S018","AI",20,"Green",804,1369,1.21,1,4,3,63,100,100
"50937.jpg","S018","Human",21,"Blue",804,1369,1.15,1,5,3,39,100,100
"51326.jpg","S018","AI",22,"Green",804,1369,0.76,1,4,2,33,100,100
"51204.jpg","S018","Forgery",23,"Red",804,1369,-0.18,-1,5,1,19,-91,-100
"40716.jpg","S018","AI",24,"Green",804,1369,0.6,1,2,2,43,100,100
"30620.jpg","S018","Forgery",25,"Red",804,1369,1.3,2,2,4,20,100,100
"10223.jpg","S018","Forgery",26,"Red",804,1369,0.3,1,2,2,58,-100,-100
"50940.jpg","S018","AI",27,"Green",804,1369,0.44,1,4,2,60,100,100
"51322.jpg","S018","AI",28,"Green",804,1369,0.78,1,5,3,26,100,100
"31006.jpg","S018","AI",29,"Green",804,1369,1.32,2,5,4,54,100,100
"10609.jpg","S018","Forgery",30,"Red",804,1369,0.77,2,2,3,47,100,100
"11014.jpg","S018","Forgery",31,"Red",804,1369,-0.37,-1,4,1,29,100,100
"10226.jpg","S018","AI",32,"Green",804,1369,-0.53,-1,2,1,46,100,-100
"10124.jpg","S018","Forgery",33,"Red",980,1669,-0.17,-1,4,2,51,-100,-100
"20718.jpg","S018","Human",34,"Blue",980,1669,-0.75,-2,5,0,17,-93,-100
"30408.jpg","S018","Forgery",35,"Red",980,1669,1.4,2,2,4,38,-100,100
"10634.jpg","S018","Forgery",36,"Red",980,1669,1.15,1,2,3,52,100,94
"30407.jpg","S018","AI",37,"Green",980,1669,1.15,1,4,3,11,-93,-100
"20501.jpg","S018","Human",38,"Blue",980,1669,1.35,-1,1,2,55,100,-100
"40303.jpg","S018","Human",39,"Blue",980,1669,-1.49,-2,1,0,37,-100,100
"30622.jpg","S018","Human",40,"Blue",980,1669,1.69,2,1,4,10,95,100
"10130.jpg","S018","Human",41,"Blue",980,1669,-1.44,-3,1,1,22,98,-100
"10709.jpg","S018","AI",42,"Green",980,1669,-1.31,-3,1,0,14,97,100
"51003.jpg","S018","Human",43,"Blue",980,1669,1.98,2,4,4,35,100,-100
"40710.jpg","S018","Forgery",44,"Red",980,1669,2.61,3,5,5,18,94,100
"11122.jpg","S018","Human",45,"Blue",980,1669,-0.61,-2,5,0,4,-92,-90
"20107.jpg","S018","Human",46,"Blue",980,1669,0.5,1,2,3,49,-100,-100
"30211.jpg","S018","Human",47,"Blue",980,1669,2.07,2,4,4,53,100,100
"20127.jpg","S018","AI",48,"Green",980,1669,-0.44,-2,2,2,3,98,96
"51323.jpg","S018","Forgery",49,"Red",980,1669,0.94,2,4,3,61,100,100
"30410.jpg","S018","Human",50,"Blue",980,1669,-0.4,-1,5,3,59,-100,-100
"10632.jpg","S018","AI",51,"Green",980,1669,-0.8,-2,1,1,5,100,100
"11026.jpg","S018","Forgery",52,"Red",980,1669,-0.4,-2,1,1,1,-100,95
"40229.jpg","S018","Forgery",53,"Red",980,1669,-0.9,-3,1,0,12,100,100
"11127.jpg","S018","Human",54,"Blue",980,1669,-1.1,-3,5,0,7,-91,-88
"30403.jpg","S018","Human",55,"Blue",980,1669,1.79,2,2,4,31,100,100
"10601.jpg","S018","Forgery",56,"Red",980,1669,1.95,2,5,4,23,100,100
"51219.jpg","S018","AI",57,"Green",980,1669,1.32,1,6,4,21,100,100
"10229.jpg","S018","AI",58,"Green",980,1669,-0.8,-1,2,2,25,-100,100
"10319.jpg","S018","AI",59,"Green",980,1669,-2.74,-3,1,0,42,100,100
"30215.jpg","S018","Human",60,"Blue",980,1669,0.69,1,4,3,64,-100,100
"51218.jpg","S018","Forgery",61,"Red",980,1669,1.5,1,5,2,56,100,100
"10648.jpg","S018","Human",62,"Blue",980,1669,-1.3,-2,2,1,30,-100,100
"51208.jpg","S018","Forgery",63,"Red",980,1669,2.07,3,5,5,57,100,100
"20203.jpg","S018","AI",64,"Green",980,1669,-2.14,-2,1,0,28,-100,-100
"30408.jpg","S006","AI",1,"Red",1792,1120,1,1,2,1,4,24,0
"51218.jpg","S006","Human",2,"Blue",1792,1120,0.5,0,1,0,23,-78,0
"10609.jpg","S006","Forgery",3,"Green",1792,1120,1.5,2,3,1,44,29,27
"51208.jpg","S006","Forgery",4,"Green",1792,1120,2.1,3,2,2,40,44,0
"51323.jpg","S006","Forgery",5,"Green",1792,1120,0.8,0,2,0,21,15,17
"30201.jpg","S006","Forgery",6,"Green",1792,1120,0.6,0,1,0,19,14,11
"41026.jpg","S006","Forgery",7,"Green",1792,1120,-0.5,-1,1,0,30,-64,0
"30410.jpg","S006","AI",8,"Red",1792,1120,0.3,0,1,0,58,-40,0
"30407.jpg","S006","Human",9,"Blue",1792,1120,0.3,0,1,0,51,26,35
"11016.jpg","S006","AI",10,"Red",1792,1120,-0.3,-1,3,0,39,-26,0
"40309.jpg","S006","Human",11,"Blue",1792,1120,1,0,2,1,54,-51,0
"11014.jpg","S006","AI",12,"Red",1792,1120,0.1,-1,4,0,20,-69,0
"40710.jpg","S006","AI",13,"Red",1792,1120,1.5,1,1,1,13,30,0
"31016.jpg","S006","Forgery",14,"Green",1792,1120,0.9,1,1,1,59,34,32
"20203.jpg","S006","AI",15,"Red",1792,1120,0.1,0,1,0,35,-55,0
"40716.jpg","S006","AI",16,"Red",1792,1120,-0.26,-2,3,0,7,-73,0
"50940.jpg","S006","AI",17,"Red",1792,1120,0.1,0,0,0,12,9,25
"21022.jpg","S006","Forgery",18,"Green",1792,1120,0.2,-1,4,0,38,33,0
"50937.jpg","S006","Human",19,"Blue",1792,1120,0.51,1,2,2,15,-15,0
"40229.jpg","S006","Forgery",20,"Green",1792,1120,0.1,-2,2,0,6,15,37
"10319.jpg","S006","Human",21,"Blue",1792,1120,0.39,-2,5,3,36,45,44
"31006.jpg","S006","Forgery",22,"Green",1792,1120,1.71,1,1,2,17,-24,0
"10632.jpg","S006","Forgery",23,"Green",1792,1120,0.6,0,1,0,27,27,44
"51322.jpg","S006","AI",24,"Red",1792,1120,0.3,-3,1,0,28,18,-34
"30215.jpg","S006","Human",25,"Blue",1792,1120,1.49,1,2,2,46,30,39
"30622.jpg","S006","Human",26,"Blue",1792,1120,2.43,2,3,3,3,14,10
"50815.jpg","S006","Human",27,"Blue",1792,1120,0.54,1,1,1,33,26,21
"20718.jpg","S006","AI",28,"Red",1792,1120,0,0,3,0,25,11,9
"11026.jpg","S006","Human",29,"Blue",1792,1120,1.3,0,4,2,24,-20,0
"10223.jpg","S006","AI",30,"Red",1792,1120,-1.85,-2,2,0,10,-28,0
"10648.jpg","S006","Forgery",31,"Green",1792,1120,1.2,0,5,1,62,36,33
"20501.jpg","S006","Human",32,"Blue",1792,1120,0.8,0,3,1,55,30,-26
"10124.jpg","S006","Human",33,"Blue",1792,1120,0.3,-1,5,1,8,14,0
"51328.jpg","S006","Human",34,"Blue",1792,1120,0.33,0,2,1,42,23,-45
"30211.jpg","S006","Human",35,"Blue",1792,1120,0.25,0,1,0,37,30,-37
"10130.jpg","S006","Forgery",36,"Green",1792,1120,0.21,0,3,0,50,25,22
"10224.jpg","S006","AI",37,"Red",1792,1120,-0.7,-1,1,0,14,-33,0
"11127.jpg","S006","Human",38,"Blue",1792,1120,1.38,0,5,3,34,27,41
"10624.jpg","S006","Human",39,"Blue",1792,1120,0.28,0,1,0,26,-15,0
"10514.jpg","S006","Forgery",40,"Green",1792,1120,0.46,0,1,0,22,-37,0
"40207.jpg","S006","AI",41,"Red",1792,1120,0.39,-1,3,1,63,29,-27
"20107.jpg","S006","AI",42,"Red",1792,1120,-0.38,0,1,0,11,8,0
"20127.jpg","S006","Human",43,"Blue",1792,1120,0.19,0,1,0,43,25,27
"21019.jpg","S006","AI",44,"Red",1792,1120,-0.69,-2,4,0,32,-43,0
"41004.jpg","S006","Forgery",45,"Green",1792,1120,0.81,0,1,1,47,-60,0
"10601.jpg","S006","Human",46,"Blue",1792,1120,1.6,1,3,3,5,36,0
"51204.jpg","S006","AI",47,"Red",1792,1120,-0.43,-2,1,0,29,-23,0
"10229.jpg","S006","Human",48,"Blue",1792,1120,1.14,0,2,2,64,43,25
"20608.jpg","S006","Forgery",49,"Green",1792,1120,0.28,0,1,0,16,22,-14
"10709.jpg","S006","Forgery",50,"Green",1792,1120,0.33,-1,3,0,31,22,-9
"51219.jpg","S006","Forgery",51,"Green",1792,1120,0.49,1,2,1,61,-52,0
"20714.jpg","S006","Human",52,"Blue",1792,1120,0.64,0,1,0,52,-31,0
"40215.jpg","S006","Forgery",53,"Green",1792,1120,0.62,0,1,0,49,25,-47
"10634.jpg","S006","AI",54,"Red",1792,1120,0.6,1,1,0,2,-25,0
"50908.jpg","S006","Human",55,"Blue",1792,1120,0.3,0,1,1,41,28,23
"11126.jpg","S006","AI",56,"Red",1792,1120,-0.1,0,1,0,57,-45,0
"40224.jpg","S006","Forgery",57,"Green",1792,1120,0.27,1,1,0,48,25,41
"51326.jpg","S006","Forgery",58,"Green",1792,1120,0.2,0,1,0,18,15,-17
"30620.jpg","S006","AI",59,"Red",1792,1120,0.4,0,1,0,1,35,-31
"10226.jpg","S006","Human",60,"Blue",1792,1120,0.3,0,2,0,9,56,18
"11122.jpg","S006","Forgery",61,"Green",1792,1120,0.24,-1,5,1,53,23,26
"51003.jpg","S006","AI",62,"Red",1792,1120,-0.25,-2,2,0,45,-30,0
"40303.jpg","S006","Human",63,"Blue",1792,1120,0.2,-1,4,0,60,25,27
"30403.jpg","S006","Human",64,"Blue",1792,1120,1.81,1,2,2,56,35,35
"50937.jpg","S014","AI",1,"Blue",1366,768,0.7,0,3,0,25,15,-9
"51323.jpg","S014","AI",2,"Blue",1366,768,0,0,0,0,5,23,13
"30201.jpg","S014","Forgery",3,"Green",1366,768,1.8,2,4,1,22,38,12
"20501.jpg","S014","AI",4,"Blue",1366,768,0.2,1,3,0,15,8,-9
"40207.jpg","S014","Forgery",5,"Green",1366,768,1.6,-1,5,2,49,31,12
"40303.jpg","S014","AI",6,"Blue",1366,768,0.1,-1,3,0,63,-6,-14
"31016.jpg","S014","AI",7,"Blue",1366,768,0.2,1,3,1,55,-5,-32
"30622.jpg","S014","AI",8,"Blue",1366,768,0.7,1,2,1,4,19,37
"51208.jpg","S014","Forgery",9,"Green",1366,768,0.6,0,2,1,38,26,40
"20714.jpg","S014","AI",10,"Blue",1366,768,-0.1,-1,2,0,44,-6,-11
"10224.jpg","S014","Forgery",11,"Green",1366,768,0.3,-1,4,1,20,-16,-12
"10709.jpg","S014","AI",12,"Blue",1366,768,0.5,-1,4,2,7,25,41
"51322.jpg","S014","AI",13,"Blue",1366,768,-0.1,0,0,0,1,8,7
"10130.jpg","S014","Human",14,"Red",1366,768,0.5,0,5,1,33,26,37
"10223.jpg","S014","Human",15,"Red",1366,768,0.4,0,3,2,40,5,-12
"40309.jpg","S014","Human",16,"Red",1366,768,0.7,1,3,2,59,20,6
"11127.jpg","S014","AI",17,"Blue",1366,768,0.3,-1,5,1,64,8,-13
"10609.jpg","S014","Forgery",18,"Green",1366,768,0.2,1,4,1,29,-5,-8
"11016.jpg","S014","Human",19,"Red",1366,768,0.1,-1,5,1,6,15,29
"21019.jpg","S014","Forgery",20,"Green",1366,768,-0.2,0,2,0,39,-6,-14
"50815.jpg","S014","Human",21,"Red",1366,768,0.2,1,4,1,42,8,10
"10648.jpg","S014","Forgery",22,"Green",1366,768,0.2,-1,5,1,37,-4,-13
"51218.jpg","S014","Human",23,"Red",1366,768,0.4,-1,5,1,8,-7,13
"30215.jpg","S014","AI",24,"Blue",1366,768,0.4,1,2,1,32,10,-6
"10601.jpg","S014","Forgery",25,"Green",1366,768,0.4,2,3,1,41,-3,-21
"30408.jpg","S014","Forgery",26,"Green",1366,768,0.8,2,3,2,11,23,36
"20203.jpg","S014","Human",27,"Red",1366,768,0.3,1,5,2,56,7,-22
"40229.jpg","S014","AI",28,"Blue",1366,768,0.1,-2,4,0,61,12,12
"10634.jpg","S014","AI",29,"Blue",1366,768,0.1,0,2,0,50,17,-15
"41004.jpg","S014","AI",30,"Blue",1366,768,0.3,1,2,1,36,11,17
"50940.jpg","S014","Forgery",31,"Green",1366,768,-0.1,0,1,0,35,7,9
"10229.jpg","S014","AI",32,"Blue",1366,768,0.4,0,4,1,26,10,12
"30211.jpg","S014","AI",33,"Blue",1366,768,0.5,1,4,1,46,28,33
"51204.jpg","S014","Forgery",34,"Green",1366,768,0.3,0,2,1,19,13,-9
"20608.jpg","S014","Human",35,"Red",1366,768,0.2,0,2,1,21,-7,-8
"10632.jpg","S014","Human",36,"Red",1366,768,0.1,0,3,0,24,6,17
"31006.jpg","S014","Human",37,"Red",1366,768,0.3,2,3,2,23,22,28
"10514.jpg","S014","Forgery",38,"Green",1366,768,0.3,1,4,1,16,-4,-4
"20718.jpg","S014","Human",39,"Red",1366,768,0.1,-2,5,0,10,-5,13
"51328.jpg","S014","Forgery",40,"Green",1366,768,0.1,0,1,1,48,-6,-14
"21022.jpg","S014","Forgery",41,"Green",1366,768,0.1,0,2,0,31,-3,-10
"20127.jpg","S014","Human",42,"Red",1366,768,0.2,1,3,1,58,14,17
"30403.jpg","S014","Human",43,"Red",1366,768,0.9,2,3,2,2,51,29
"10124.jpg","S014","Human",44,"Red",1366,768,0.4,-1,5,2,27,-6,16
"20107.jpg","S014","Forgery",45,"Green",1366,768,0.4,0,2,2,9,9,-16
"40710.jpg","S014","Forgery",46,"Green",1366,768,1,2,5,2,54,-4,-20
"10226.jpg","S014","Forgery",47,"Green",1366,768,0.4,0,5,1,17,-4,-11
"51219.jpg","S014","Human",48,"Red",1366,768,0.3,0,1,1,28,15,-15
"30410.jpg","S014","AI",49,"Blue",1366,768,0.5,0,4,1,62,24,-6
"51003.jpg","S014","Forgery",50,"Green",1366,768,0.4,1,3,1,3,-5,-19
"51326.jpg","S014","AI",51,"Blue",1366,768,0.5,2,2,1,45,-6,-22
"11026.jpg","S014","AI",52,"Blue",1366,768,0.6,1,5,1,30,23,14
"11126.jpg","S014","Human",53,"Red",1366,768,0.9,0,6,2,47,-8,19
"50908.jpg","S014","Human",54,"Red",1366,768,0.3,0,1,1,12,15,-25
"30620.jpg","S014","Human",55,"Red",1366,768,0.5,1,3,1,60,-8,-14
"11122.jpg","S014","Forgery",56,"Green",1366,768,0.9,-1,6,2,13,-7,-19
"40224.jpg","S014","AI",57,"Blue",1366,768,0.3,-1,5,0,43,10,28
"40215.jpg","S014","Human",58,"Red",1366,768,0.7,1,3,1,52,-5,10
"30407.jpg","S014","AI",59,"Blue",1366,768,0.5,1,3,1,34,34,-9
"41026.jpg","S014","Forgery",60,"Green",1366,768,0.3,-1,1,0,57,-64,-7
"10624.jpg","S014","Human",61,"Red",1366,768,0.5,0,4,1,14,18,-11
"10319.jpg","S014","Human",62,"Red",1366,768,-0.1,-2,5,2,18,100,34
"11014.jpg","S014","Forgery",63,"Green",1366,768,0.5,-1,5,2,53,8,-21
"40716.jpg","S014","Human",64,"Red",1366,768,0.4,1,2,2,51,-4,-20
"11126.jpg","S004","Human",1,"Red",885,1756,-1.4,-1,4,3,21,-44,51
"10609.jpg","S004","AI",2,"Blue",885,1536,0.7,0,0,0,34,64,61
"51204.jpg","S004","Forgery",3,"Green",885,1536,-0.6,0,5,3,49,-31,47
"31016.jpg","S004","AI",4,"Blue",885,1756,-1.2,-3,1,0,14,-31,34
"30403.jpg","S004","Human",5,"Red",885,1756,0.5,1,1,2,28,25,-42
"10124.jpg","S004","Human",6,"Red",885,1756,1,0,4,3,10,56,29
"30622.jpg","S004","AI",7,"Blue",885,1756,0.7,1,1,1,62,91,88
"11127.jpg","S004","Forgery",8,"Green",885,1756,-1.5,-2,4,0,12,-34,53
"11014.jpg","S004","Forgery",9,"Green",885,1756,-1.6,-3,5,4,48,51,47
"40207.jpg","S004","Forgery",10,"Green",885,1756,1.4,-2,6,4,26,67,88
"40716.jpg","S004","Forgery",11,"Green",885,1756,1.3,2,3,3,42,100,98
"10514.jpg","S004","Human",12,"Red",885,1756,0.2,0,1,2,41,-44,58
"21019.jpg","S004","Forgery",13,"Green",885,1756,-1.5,-2,0,0,50,-43,56
"51326.jpg","S004","Forgery",14,"Green",885,1756,0.4,0,1,1,17,-31,19
"20718.jpg","S004","Human",15,"Red",885,1756,1.11,1,5,5,39,87,95
"41026.jpg","S004","AI",16,"Blue",885,1756,0.75,0,4,2,58,62,56
"50940.jpg","S004","Human",17,"Red",885,1756,1.27,1,4,5,43,100,96
"30408.jpg","S004","Human",18,"Red",885,1756,1.81,3,3,4,52,61,61
"30201.jpg","S004","AI",19,"Blue",885,1756,0.26,0,1,1,55,66,-48
"30407.jpg","S004","AI",20,"Blue",885,1756,0.33,1,1,2,35,54,59
"51322.jpg","S004","Human",21,"Red",885,1756,0.26,0,0,3,18,-33,42
"11026.jpg","S004","Forgery",22,"Green",885,1756,-0.51,0,5,2,61,-34,54
"40224.jpg","S004","Human",23,"Red",885,1756,0.83,0,5,4,60,89,73
"10229.jpg","S004","Human",24,"Red",885,1756,0.7,0,5,5,1,38,-20
"20608.jpg","S004","AI",25,"Blue",885,1756,0.45,0,3,2,37,57,66
"10624.jpg","S004","Forgery",26,"Green",885,1756,0.85,1,4,4,56,82,-36
"51323.jpg","S004","Human",27,"Red",885,1756,0,-2,0,0,25,-34,44
"40229.jpg","S004","AI",28,"Blue",885,1756,0.46,-2,5,2,64,-35,34
"30620.jpg","S004","Forgery",29,"Green",885,1756,0.63,1,0,2,2,67,47
"51218.jpg","S004","AI",30,"Blue",885,1756,-1.43,-2,5,1,54,-38,32
"10319.jpg","S004","Human",31,"Red",885,1756,-1.67,-2,6,5,40,97,91
"20714.jpg","S004","AI",32,"Blue",885,1756,-2.85,-3,0,0,32,-41,70
"40303.jpg","S004","Human",33,"Red",885,1756,1.29,-2,6,4,27,-41,51
"40309.jpg","S004","AI",34,"Blue",885,1756,-1.78,-2,1,0,5,26,-26
"51328.jpg","S004","Forgery",35,"Green",885,1756,-1.54,-2,0,0,6,-16,16
"10130.jpg","S004","Forgery",36,"Green",885,1756,0.8,2,5,2,8,73,52
"30410.jpg","S004","Human",37,"Red",885,1756,1.36,1,2,4,63,86,70
"40710.jpg","S004","Human",38,"Red",885,1756,1.86,2,4,5,13,46,86
"20107.jpg","S004","Forgery",39,"Green",885,1756,-0.98,0,0,1,7,15,-27
"10634.jpg","S004","Human",40,"Red",885,1756,1.63,0,4,4,19,-24,50
"10224.jpg","S004","AI",41,"Blue",885,1756,-1.6,-2,6,2,47,-23,43
"20501.jpg","S004","Human",42,"Red",885,1756,-0.99,-2,6,4,38,69,70
"30211.jpg","S004","Human",43,"Red",885,1756,1.96,1,5,5,53,100,100
"10632.jpg","S004","Forgery",44,"Green",885,1756,1.86,1,4,4,33,-49,-49
"30215.jpg","S004","Human",45,"Red",885,1756,2.09,2,4,4,30,50,53
"10223.jpg","S004","Forgery",46,"Green",885,1756,0.51,1,2,3,4,-24,14
"10648.jpg","S004","AI",47,"Blue",885,1756,-1.29,-2,5,1,22,-50,49
"20203.jpg","S004","AI",48,"Blue",885,1756,0.96,1,4,3,46,-32,-42
"11016.jpg","S004","Forgery",49,"Green",885,1756,-1.68,-1,5,0,15,-28,50
"31006.jpg","S004","Forgery",50,"Green",885,1756,1.77,2,2,3,23,26,-35
"10709.jpg","S004","Forgery",51,"Green",885,1756,-1.19,-2,5,2,20,39,39
"11122.jpg","S004","AI",52,"Blue",885,1756,0.96,-2,6,1,59,-25,48
"50908.jpg","S004","Forgery",53,"Green",885,1756,-1.4,0,0,0,51,75,70
"51208.jpg","S004","AI",54,"Blue",885,1756,1.16,0,4,3,45,-17,60
"40215.jpg","S004","AI",55,"Blue",885,1756,2.09,1,3,2,36,-40,54
"41004.jpg","S004","Human",56,"Red",885,1756,1.91,2,4,4,44,94,-38
"51003.jpg","S004","AI",57,"Blue",885,1756,1.67,1,1,2,29,50,68
"20127.jpg","S004","Forgery",58,"Green",885,1756,0.88,-2,3,3,9,-25,-26
"10601.jpg","S004","Human",59,"Red",885,1756,1.81,0,4,5,3,29,-21
"51219.jpg","S004","Forgery",60,"Green",885,1756,-1.52,-2,4,1,24,-30,28
"21022.jpg","S004","AI",61,"Blue",885,1756,-0.83,0,2,1,11,-28,55
"10226.jpg","S004","AI",62,"Blue",885,1756,1.42,0,5,2,57,59,-35
"50815.jpg","S004","Human",63,"Red",885,1756,1.96,3,3,5,16,70,67
"50937.jpg","S004","AI",64,"Blue",885,1756,-2.86,-3,0,0,31,-51,60
"51219.jpg","S001","Human",1,"Red",980,1944,1.09,2,4,2,64,85,93
"50940.jpg","S001","Human",2,"Red",844,1674,-1.8,-1,2,0,38,49,77
"10319.jpg","S001","Forgery",3,"Green",844,1674,0.7,1,5,2,15,100,100
"50908.jpg","S001","Forgery",4,"Green",844,1674,0.8,1,3,1,23,100,100
"40710.jpg","S001","Human",5,"Red",844,1674,0,-1,3,1,44,-54,69
"40224.jpg","S001","Human",6,"Red",844,1674,0.7,0,3,2,59,92,81
"51326.jpg","S001","Forgery",7,"Green",844,1674,-1,-2,1,0,7,-100,100
"10130.jpg","S001","AI",8,"Blue",844,1674,1,2,4,2,30,100,100
"31006.jpg","S001","Forgery",9,"Green",844,1674,0.5,1,3,1,18,100,-100
"51003.jpg","S001","AI",10,"Blue",844,1674,-2.1,-2,1,0,9,-100,-100
"30622.jpg","S001","Human",11,"Red",844,1674,1.9,3,4,2,16,100,-100
"10634.jpg","S001","Forgery",12,"Green",844,1438,0.8,1,3,1,12,100,100
"20714.jpg","S001","Human",13,"Red",844,1438,1,1,4,1,33,-100,100
"10648.jpg","S001","AI",14,"Blue",844,1438,-0.9,-1,4,1,29,-100,-100
"51218.jpg","S001","Human",15,"Red",844,1438,-1,-1,2,1,37,100,100
"40309.jpg","S001","AI",16,"Blue",844,1438,1.5,2,2,2,10,100,100
"30403.jpg","S001","AI",17,"Blue",844,1438,0.4,0,5,0,36,37,43
"11122.jpg","S001","Forgery",18,"Green",844,1438,-0.6,-2,4,1,17,-100,100
"21019.jpg","S001","AI",19,"Blue",844,1438,2,2,2,1,20,100,-100
"30410.jpg","S001","AI",20,"Blue",936,1596,0.6,-1,4,0,55,42,67
"40716.jpg","S001","AI",21,"Blue",936,1596,1,0,1,1,39,-66,-74
"30620.jpg","S001","Forgery",22,"Green",980,1944,0.9,1,1,1,2,-100,-100
"40229.jpg","S001","AI",23,"Blue",980,1944,-0.63,-1,3,1,41,77,76
"10224.jpg","S001","Forgery",24,"Green",980,1670,-0.53,-1,2,0,57,-71,90
"11126.jpg","S001","Forgery",25,"Green",980,1670,-0.61,-1,2,1,45,58,47
"10223.jpg","S001","Human",26,"Red",980,1670,0,0,0,0,56,-49,70
"51208.jpg","S001","AI",27,"Blue",980,1670,1.2,1,2,0,48,100,84
"40303.jpg","S001","AI",28,"Blue",980,1670,-0.51,-1,1,0,25,-100,-100
"30201.jpg","S001","Forgery",29,"Green",980,1670,1.08,0,1,1,31,84,-96
"10632.jpg","S001","AI",30,"Blue",980,1670,1.54,1,3,1,60,83,76
"10609.jpg","S001","AI",31,"Blue",980,1670,0.84,2,4,1,49,-69,-58
"30215.jpg","S001","Forgery",32,"Green",980,1670,0.1,0,2,0,22,100,-100
"51204.jpg","S001","Human",33,"Red",980,1670,0.8,1,3,2,34,-100,-100
"20107.jpg","S001","AI",34,"Blue",980,1670,0.99,2,2,1,53,-40,-94
"10229.jpg","S001","Human",35,"Red",696,1185,2,1,5,2,24,100,100
"10624.jpg","S001","Forgery",36,"Green",696,1185,-0.5,-1,3,1,13,-100,-100
"11016.jpg","S001","Human",37,"Red",696,1185,0.7,2,5,2,43,-69,-59
"20203.jpg","S001","AI",38,"Blue",696,1185,-2.5,-3,4,0,46,-90,96
"40207.jpg","S001","Human",39,"Red",696,1185,0.8,1,5,2,5,100,100
"10226.jpg","S001","Forgery",40,"Green",696,1185,0.9,0,3,1,26,100,-100
"51328.jpg","S001","AI",41,"Blue",696,1185,-1.5,-2,4,0,50,-55,79
"30211.jpg","S001","AI",42,"Blue",696,1185,0.7,0,2,0,11,61,-100
"20608.jpg","S001","AI",43,"Blue",696,1185,-0.8,-1,3,0,52,100,100
"50937.jpg","S001","Human",44,"Red",696,1185,0,0,3,0,8,-100,-100
"30408.jpg","S001","Human",45,"Red",696,1185,1.6,2,3,2,61,68,-79
"20127.jpg","S001","Human",46,"Red",696,1185,-0.4,0,3,1,27,100,100
"10601.jpg","S001","Forgery",47,"Green",696,1185,1.3,3,5,3,63,-83,-88
"10709.jpg","S001","Forgery",48,"Green",696,1185,-0.9,-1,4,1,21,100,100
"20718.jpg","S001","Human",49,"Red",696,1380,0,-2,4,0,40,84,-100
"41004.jpg","S001","Forgery",50,"Green",696,1185,1.5,2,2,1,19,100,100
"51323.jpg","S001","Forgery",51,"Green",696,1185,0,0,2,1,32,100,86
"31016.jpg","S001","Human",52,"Red",696,1185,1.9,3,2,3,42,-75,-77
"21022.jpg","S001","Forgery",53,"Green",696,1185,1.1,1,3,1,1,-100,100
"20501.jpg","S001","Human",54,"Red",696,1185,-0.9,-1,2,0,35,-65,-55
"30407.jpg","S001","Human",55,"Red",696,1185,1,1,1,1,51,51,39
"40215.jpg","S001","Forgery",56,"Green",696,1185,2.6,2,4,3,47,62,66
"11014.jpg","S001","Human",57,"Red",696,1185,0.7,1,3,1,62,57,43
"11026.jpg","S001","Forgery",58,"Green",696,1185,-1.6,-2,2,0,6,-100,100
"11127.jpg","S001","Human",59,"Red",696,1380,-0.9,-1,3,1,28,-100,-100
"51322.jpg","S001","AI",60,"Blue",696,1380,-1.1,-1,1,1,54,-95,-100
"10514.jpg","S001","Human",61,"Red",696,1380,1.8,2,5,3,3,100,100
"10124.jpg","S001","Human",62,"Red",696,1380,2,2,5,3,14,100,-100
"41026.jpg","S001","Human",63,"Red",696,1380,-0.9,-1,1,1,58,-93,-82
"50815.jpg","S001","AI",64,"Blue",696,1380,0.8,1,3,1,4,100,100
"41004.jpg","S007","Forgery",1,"Blue",1366,892,-1.5,0,3,1,54,0,0
"50940.jpg","S007","Human",2,"Red",1366,907,-2.6,0,1,0,51,0,0
"10319.jpg","S007","Human",3,"Red",1366,907,1,1,5,3,19,100,100
"11126.jpg","S007","AI",4,"Green",1366,893,2.6,2,6,4,1,58,49
"51219.jpg","S007","Human",5,"Red",1366,893,-0.7,0,3,2,62,0,0
"20608.jpg","S007","AI",6,"Green",1366,893,0.5,0,2,2,22,-100,30
"20127.jpg","S007","Forgery",7,"Blue",1366,893,3,2,4,4,12,100,94
"10648.jpg","S007","Human",8,"Red",1366,893,1.1,1,5,3,64,58,0
"10624.jpg","S007","Human",9,"Red",1366,893,1.8,-1,4,3,11,100,-27
"40207.jpg","S007","Forgery",10,"Blue",1366,893,3,-2,6,4,45,41,51
"10514.jpg","S007","Human",11,"Red",1366,893,0,0,3,0,61,71,-23
"31006.jpg","S007","AI",12,"Green",1366,892,-1.1,0,0,1,4,22,-20
"40710.jpg","S007","Human",13,"Red",1366,892,-2.3,-1,3,1,52,0,0
"30215.jpg","S007","AI",14,"Green",1366,892,1.3,1,1,0,58,0,0
"10229.jpg","S007","Human",15,"Red",1366,892,3,-1,5,5,23,100,100
"51326.jpg","S007","Forgery",16,"Blue",1366,892,2.1,-1,4,3,57,0,0
"51204.jpg","S007","Forgery",17,"Blue",1366,892,1,1,3,2,42,0,0
"30408.jpg","S007","Human",18,"Red",1366,907,1.9,-1,4,3,28,-43,0
"21019.jpg","S007","Human",19,"Red",1366,893,0.2,0,3,0,48,44,0
"30201.jpg","S007","AI",20,"Green",1366,893,1.2,1,2,0,32,62,0
"11016.jpg","S007","Forgery",21,"Blue",1366,893,1.3,-2,5,4,55,100,-50
"20203.jpg","S007","AI",22,"Green",1366,893,1.4,1,4,4,39,94,48
"51322.jpg","S007","AI",23,"Green",1366,893,-3,0,0,0,6,60,-17
"10130.jpg","S007","Human",24,"Red",1366,893,0.8,-1,3,3,29,100,100
"11122.jpg","S007","Human",25,"Red",1366,893,0,0,3,0,14,82,-40
"50937.jpg","S007","Forgery",26,"Blue",1366,893,0.3,-1,3,2,47,0,0
"30403.jpg","S007","AI",27,"Green",1366,893,1.3,0,0,1,27,-100,-22
"20501.jpg","S007","Forgery",28,"Blue",1366,893,1.4,-1,4,4,43,40,0
"30211.jpg","S007","Forgery",29,"Blue",1366,893,0.4,-1,3,1,31,-100,-100
"20718.jpg","S007","AI",30,"Green",1366,893,1.2,-3,4,3,56,-100,0
"40716.jpg","S007","Forgery",31,"Blue",1366,893,-2.2,0,0,0,34,0,0
"20714.jpg","S007","Forgery",32,"Blue",1366,893,1.3,-2,4,3,20,100,100
"30620.jpg","S007","AI",33,"Green",1366,893,-1.7,0,0,0,37,58,0
"30410.jpg","S007","Forgery",34,"Blue",1366,893,2.1,1,3,3,38,40,0
"50908.jpg","S007","Human",35,"Red",1366,893,-0.8,0,3,1,18,0,0
"41026.jpg","S007","AI",36,"Green",1366,893,-1,0,2,0,35,0,0
"10609.jpg","S007","Human",37,"Red",1366,893,1,1,4,4,44,69,27
"51208.jpg","S007","Human",38,"Red",1366,893,0.6,1,3,3,30,0,0
"51323.jpg","S007","AI",39,"Green",1366,893,-1.9,0,2,1,15,0,0
"11127.jpg","S007","AI",40,"Green",1366,893,2.3,-3,4,4,49,100,100
"51003.jpg","S007","Forgery",41,"Blue",1366,893,0.6,-1,3,2,33,0,0
"10223.jpg","S007","Human",42,"Red",1366,893,1.8,1,2,3,26,88,54
"10709.jpg","S007","Forgery",43,"Blue",1366,893,3,-2,6,4,53,0,0
"10224.jpg","S007","Forgery",44,"Blue",1366,893,3,-2,4,4,10,100,100
"30622.jpg","S007","Forgery",45,"Blue",1366,893,0.9,1,0,3,9,45,-27
"11014.jpg","S007","Human",46,"Red",1366,893,1.5,-2,5,4,40,78,71
"20107.jpg","S007","Forgery",47,"Blue",1366,893,0.7,0,1,3,50,0,0
"40229.jpg","S007","AI",48,"Green",1366,893,2,-2,4,3,59,-100,0
"10632.jpg","S007","AI",49,"Green",1366,893,-0.4,0,0,0,60,0,0
"11026.jpg","S007","Human",50,"Red",1366,893,1.9,2,4,3,63,84,0
"10601.jpg","S007","AI",51,"Green",1366,893,0.4,1,4,3,41,-100,0
"40224.jpg","S007","AI",52,"Green",1366,893,3,2,6,5,3,100,100
"51218.jpg","S007","Forgery",53,"Blue",1366,893,1.2,-1,3,3,8,48,-38
"50815.jpg","S007","AI",54,"Green",1366,893,-0.8,0,1,1,24,0,0
"10124.jpg","S007","Human",55,"Red",1366,893,1.9,-2,5,4,21,99,-31
"30407.jpg","S007","AI",56,"Green",1366,893,0.9,1,3,3,46,0,0
"31016.jpg","S007","Forgery",57,"Blue",1366,893,0.9,1,3,3,16,0,0
"40309.jpg","S007","Forgery",58,"Blue",1366,893,0.8,-1,3,3,2,28,28
"51328.jpg","S007","Forgery",59,"Blue",1366,893,-3,0,0,0,17,0,0
"21022.jpg","S007","Human",60,"Red",1366,893,1.6,0,2,3,25,100,33
"40303.jpg","S007","AI",61,"Green",1366,893,0.9,-2,3,2,36,-100,0
"10634.jpg","S007","AI",62,"Green",1366,893,1.3,-1,4,3,13,69,-34
"40215.jpg","S007","Forgery",63,"Blue",1366,893,2,-1,5,4,5,-48,-34
"10226.jpg","S007","Human",64,"Red",1366,893,3,2,4,5,7,100,100
"30408.jpg","S011","AI",1,"Blue",1512,751,3,3,0,1,5,100,100
"11122.jpg","S011","Forgery",2,"Red",1512,751,-1.5,0,2,0,3,-100,-100
"20714.jpg","S011","AI",3,"Blue",1512,751,-0.8,-1,2,0,31,41,13
"50908.jpg","S011","AI",4,"Blue",1512,751,0.1,0,0,0,2,-85,100
"21022.jpg","S011","Human",5,"Green",1512,751,1,1,2,1,53,52,-23
"30407.jpg","S011","AI",6,"Blue",1512,751,2,2,2,1,4,100,100
"11016.jpg","S011","AI",7,"Blue",1512,751,0.9,0,3,1,56,-57,-32
"10130.jpg","S011","Human",8,"Green",1512,751,0.2,0,4,1,59,-100,-52
"10609.jpg","S011","Human",9,"Green",1512,751,1,1,4,1,14,0,100
"10624.jpg","S011","Human",10,"Green",1512,751,3,1,5,2,22,100,100
"50815.jpg","S011","Human",11,"Green",1512,751,1,0,0,1,28,39,-47
"51003.jpg","S011","AI",12,"Blue",1512,751,3,2,2,2,61,-77,-89
"40303.jpg","S011","Human",13,"Green",1512,751,1.4,-2,5,1,38,100,38
"11026.jpg","S011","AI",14,"Blue",1512,751,0.5,-2,5,1,7,100,-100
"40229.jpg","S011","Forgery",15,"Red",1512,751,-1,-2,6,0,37,100,26
"10601.jpg","S011","AI",16,"Blue",1512,751,2.1,1,4,1,16,100,10
"31016.jpg","S011","Human",17,"Green",1512,751,-1.5,0,1,0,10,-100,-100
"30201.jpg","S011","Forgery",18,"Red",1512,751,3,3,3,2,63,58,-43
"40207.jpg","S011","Human",19,"Green",1512,751,1,-3,4,1,47,25,-10
"51218.jpg","S011","AI",20,"Blue",1512,751,1.32,0,4,1,8,100,100
"10224.jpg","S011","AI",21,"Blue",1512,751,1,0,4,1,48,-49,-29
"10634.jpg","S011","Human",22,"Green",1512,751,1.41,1,4,1,43,-100,-100
"30403.jpg","S011","AI",23,"Blue",1512,751,3,3,1,2,41,27,-15
"10648.jpg","S011","AI",24,"Blue",1512,751,-2,-3,6,0,40,56,-22
"41004.jpg","S011","Forgery",25,"Red",1512,751,3,3,1,1,62,89,-26
"51208.jpg","S011","Human",26,"Green",1512,751,1,1,2,1,44,100,-20
"11126.jpg","S011","AI",27,"Blue",1512,751,2.11,2,5,1,39,48,-23
"30215.jpg","S011","Forgery",28,"Red",1512,751,2.89,1,3,2,36,100,12
"11127.jpg","S011","Forgery",29,"Red",1512,751,-2,-1,4,0,64,-94,-66
"51322.jpg","S011","Human",30,"Green",1512,751,-3,-3,0,0,60,-86,-80
"51323.jpg","S011","Human",31,"Green",1512,751,-3,-3,0,0,32,-54,-23
"40215.jpg","S011","AI",32,"Blue",1512,751,-2.2,-2,1,0,30,-100,-100
"50940.jpg","S011","AI",33,"Blue",1512,751,-3,-3,0,0,35,-100,100
"20501.jpg","S011","Forgery",34,"Red",1512,751,1.65,-3,3,1,11,100,100
"20127.jpg","S011","AI",35,"Blue",1512,751,-1.03,0,0,0,13,-100,-100
"41026.jpg","S011","Forgery",36,"Red",1512,751,-2.44,0,0,0,58,45,-34
"51204.jpg","S011","Forgery",37,"Red",1512,751,0.28,0,1,0,15,18,-16
"30620.jpg","S011","Human",38,"Green",1512,751,1.73,1,1,1,29,33,-21
"31006.jpg","S011","AI",39,"Blue",1512,751,0.85,1,1,0,21,67,13
"20203.jpg","S011","AI",40,"Blue",1512,751,0.93,1,2,0,49,-100,-100
"20608.jpg","S011","AI",41,"Blue",1512,751,2.58,2,2,1,34,0,100
"51219.jpg","S011","Human",42,"Green",1512,751,1.84,0,1,0,19,100,-100
"30622.jpg","S011","Forgery",43,"Red",1512,751,1.61,0,1,0,24,98,29
"51328.jpg","S011","Forgery",44,"Red",1512,751,0,0,0,0,26,89,21
"11014.jpg","S011","Forgery",45,"Red",1512,751,-0.77,0,2,0,55,100,-18
"30410.jpg","S011","Forgery",46,"Red",1512,751,2.07,1,3,1,51,75,81
"50937.jpg","S011","Forgery",47,"Red",1512,751,-2.88,-3,0,0,20,-100,-100
"40710.jpg","S011","Forgery",48,"Red",1512,751,2.58,1,4,1,46,100,42
"21019.jpg","S011","Human",49,"Green",1512,751,-2.91,-3,3,0,25,-100,-100
"20718.jpg","S011","Human",50,"Green",1512,751,0.5,-2,4,0,12,100,21
"30211.jpg","S011","Human",51,"Green",1512,751,2.93,2,3,2,50,0,71
"10229.jpg","S011","Forgery",52,"Red",1512,751,0.62,0,2,0,1,-100,-100
"10226.jpg","S011","AI",53,"Blue",1512,751,0,0,3,0,52,-90,-43
"20107.jpg","S011","Forgery",54,"Red",1512,751,0,0,0,0,17,-100,-100
"40309.jpg","S011","Human",55,"Green",1512,751,0.82,-1,3,0,23,100,44
"10223.jpg","S011","Human",56,"Green",1512,751,-1.5,-1,2,0,45,83,15
"40716.jpg","S011","AI",57,"Blue",1512,751,-2.42,0,0,0,9,100,-100
"51326.jpg","S011","AI",58,"Blue",1512,751,0.9,0,0,0,6,100,100
"10319.jpg","S011","Forgery",59,"Red",1512,751,-2.89,-3,6,0,57,47,55
"10124.jpg","S011","AI",60,"Blue",1512,751,0,-2,3,0,42,-100,-100
"10709.jpg","S011","Forgery",61,"Red",1512,751,1.33,-1,5,0,18,100,100
"40224.jpg","S011","Human",62,"Green",1512,751,2.01,0,5,1,33,100,-20
"10632.jpg","S011","Forgery",63,"Red",1512,751,0.0800000000000001,0,0,0,27,-100,-27
"10514.jpg","S011","AI",64,"Blue",1512,751,1.72,1,2,1,54,18,-11
"51204.jpg","S019","Human",1,"Red",1920,970,2.32,1,6,3,32,11,70
"51323.jpg","S019","AI",2,"Blue",1920,970,0.02,0,3,1,58,0,91
"10609.jpg","S019","Human",3,"Red",1920,970,2.38,2,5,3,40,-60,60
"10130.jpg","S019","AI",4,"Blue",1920,970,1.71,2,5,2,13,74,0
"51328.jpg","S019","AI",5,"Blue",1920,970,2.06,1,4,2,29,3,70
"30410.jpg","S019","Forgery",6,"Green",1920,970,1.88,1,4,2,52,6,45
"51218.jpg","S019","AI",7,"Blue",1920,970,1.99,2,5,2,36,5,57
"41004.jpg","S019","Human",8,"Red",1920,970,2.4,2,4,2,54,-9,38
"40215.jpg","S019","Human",9,"Red",1920,970,0.44,1,4,2,9,-5,-9
"40303.jpg","S019","Forgery",10,"Green",1920,970,-0.96,0,4,1,43,30,11
"30620.jpg","S019","Human",11,"Red",1920,970,1.37,3,3,2,63,-16,27
"10632.jpg","S019","Human",12,"Red",1920,970,1.05,2,4,3,1,-44,40
"30408.jpg","S019","Forgery",13,"Green",1920,970,1.81,1,4,2,26,11,-13
"11026.jpg","S019","Human",14,"Red",1920,970,0.47,2,5,4,23,-6,46
"51208.jpg","S019","AI",15,"Blue",1920,970,2.05,2,5,2,57,-7,87
"11014.jpg","S019","Human",16,"Red",1920,970,-0.81,1,5,3,31,-13,12
"11016.jpg","S019","AI",17,"Blue",1920,970,-1.36,1,5,2,10,-62,-19
"40716.jpg","S019","Forgery",18,"Green",1920,970,0.42,0,4,1,35,49,8
"20107.jpg","S019","AI",19,"Blue",1920,970,0.75,0,3,1,38,-10,19
"30407.jpg","S019","AI",20,"Blue",1920,970,2.05,2,4,3,41,33,41
"20714.jpg","S019","Human",21,"Red",1920,970,-0.68,1,5,3,22,-56,47
"10634.jpg","S019","AI",22,"Blue",1920,970,1.24,2,5,3,7,-28,30
"50937.jpg","S019","Human",23,"Red",1920,970,1.28,2,5,3,53,-5,89
"10226.jpg","S019","Forgery",24,"Green",1920,970,1.58,2,4,3,47,54,-16
"51322.jpg","S019","Forgery",25,"Green",1920,970,1.82,1,4,2,25,-45,60
"20718.jpg","S019","AI",26,"Blue",1920,970,-1.44,-1,5,3,6,-6,-7
"20608.jpg","S019","AI",27,"Blue",1920,970,1.1,2,3,3,20,-43,41
"10709.jpg","S019","Forgery",28,"Green",1920,970,1.4,2,5,3,33,-10,12
"40207.jpg","S019","Human",29,"Red",1920,970,1.91,-2,5,4,16,87,91
"11122.jpg","S019","AI",30,"Blue",1920,970,0.82,-1,5,4,46,-15,15
"41026.jpg","S019","Human",31,"Red",1920,970,2.21,1,6,4,30,6,21
"30215.jpg","S019","Forgery",32,"Green",1920,970,2.24,1,4,3,15,-36,62
"10319.jpg","S019","Human",33,"Red",1920,970,-2.13,-2,5,4,11,100,-19
"40710.jpg","S019","Forgery",34,"Green",1920,970,1.84,2,4,3,27,-28,36
"20127.jpg","S019","AI",35,"Blue",1920,970,-0.62,-1,2,0,50,21,21
"10124.jpg","S019","Human",36,"Red",1920,970,0.71,-1,4,4,51,34,53
"21019.jpg","S019","AI",37,"Blue",1920,970,-0.79,1,3,2,61,53,71
"31016.jpg","S019","Human",38,"Red",1920,970,1.61,1,3,3,2,62,61
"40229.jpg","S019","AI",39,"Blue",1920,970,-2.28,-2,4,0,24,30,64
"11127.jpg","S019","Forgery",40,"Green",1920,970,0.31,-1,6,5,37,48,72
"30403.jpg","S019","AI",41,"Blue",1920,970,1.39,2,2,2,45,2,24
"11126.jpg","S019","AI",42,"Blue",1920,970,0.46,0,5,3,56,-10,71
"50908.jpg","S019","Forgery",43,"Green",1920,970,-0.39,0,3,2,59,8,81
"10223.jpg","S019","Human",44,"Red",1920,970,1.53,2,4,3,49,26,15
"30201.jpg","S019","Human",45,"Red",1920,970,2,2,2,4,48,35,41
"40309.jpg","S019","AI",46,"Blue",1920,970,-0.29,0,2,1,21,11,12
"51326.jpg","S019","Forgery",47,"Green",1920,970,-0.74,-1,3,2,42,-3,71
"30622.jpg","S019","AI",48,"Blue",1920,970,0.38,0,2,1,60,19,50
"40224.jpg","S019","Forgery",49,"Green",1920,970,1.43,2,4,4,12,69,-34
"10514.jpg","S019","AI",50,"Blue",1920,970,1.38,1,4,3,44,21,48
"20203.jpg","S019","Forgery",51,"Green",1920,970,1.4,1,5,4,5,100,3
"31006.jpg","S019","Forgery",52,"Green",1920,970,0.96,0,2,1,17,71,73
"21022.jpg","S019","Forgery",53,"Green",1920,970,-0.53,1,3,1,39,6,54
"10601.jpg","S019","Forgery",54,"Green",1920,970,0.96,1,4,3,14,-75,84
"10648.jpg","S019","AI",55,"Blue",1920,970,-0.3,1,4,2,62,5,12
"50940.jpg","S019","Forgery",56,"Green",1920,970,0,1,4,3,34,-26,96
"10229.jpg","S019","Human",57,"Red",1920,970,2.54,2,5,5,55,65,72
"30211.jpg","S019","Forgery",58,"Green",1920,970,0.52,1,3,3,19,-20,48
"51003.jpg","S019","Human",59,"Red",1920,970,1.32,2,5,4,8,-7,-23
"20501.jpg","S019","Human",60,"Red",1920,970,0.51,1,3,2,3,54,-53
"50815.jpg","S019","Human",61,"Red",1920,970,0.45,3,3,4,28,-28,55
"10224.jpg","S019","AI",62,"Blue",1920,970,-0.21,0,5,3,18,-8,-34
"51219.jpg","S019","Human",63,"Red",1920,970,-0.69,0,3,3,4,100,100
"10624.jpg","S019","Forgery",64,"Green",1920,970,0.57,1,4,3,64,-12,12
"51208.jpg","S013","Forgery",1,"Blue",1391,816,0,0,1,1,1,85,67
"20718.jpg","S013","Human",2,"Green",1391,816,0,-1,4,1,19,74,-43
"51323.jpg","S013","AI",3,"Red",1391,816,0,0,0,0,2,-21,57
"50815.jpg","S013","Human",4,"Green",1391,816,0,1,3,1,29,63,82
"30620.jpg","S013","Forgery",5,"Blue",1391,816,0,2,4,1,52,69,70
"41004.jpg","S013","Forgery",6,"Blue",1391,816,0,1,3,1,41,-43,22
"10223.jpg","S013","Human",7,"Green",1391,816,0,2,5,1,48,52,-10
"30403.jpg","S013","Forgery",8,"Blue",1391,816,0,2,4,1,51,60,60
"11127.jpg","S013","Forgery",9,"Blue",1391,816,0,0,5,1,33,40,35
"20608.jpg","S013","Human",10,"Green",1391,816,0,0,4,0,35,-16,18
"10624.jpg","S013","AI",11,"Red",1391,816,0,1,4,1,10,58,-66
"10130.jpg","S013","AI",12,"Red",1391,816,0,2,5,1,30,69,-38
"30408.jpg","S013","Human",13,"Green",1391,816,0,1,4,1,14,79,83
"50908.jpg","S013","AI",14,"Red",1391,816,0,0,3,0,24,69,68
"30622.jpg","S013","AI",15,"Red",1391,816,0,2,4,1,45,54,-18
"51003.jpg","S013","Human",16,"Green",1391,816,0,0,1,0,64,-19,20
"30211.jpg","S013","AI",17,"Red",1391,816,0,1,3,0,60,59,71
"20203.jpg","S013","Human",18,"Green",1391,816,0,2,5,1,17,85,73
"10709.jpg","S013","Forgery",19,"Blue",1391,816,0,-1,4,0,3,-82,85
"40207.jpg","S013","Human",20,"Green",1391,816,0,-1,5,1,25,76,-19
"50940.jpg","S013","Human",21,"Green",1391,816,0,0,0,0,37,74,-20
"30215.jpg","S013","Human",22,"Green",1391,816,0,1,4,1,46,-18,-17
"51328.jpg","S013","Human",23,"Green",1391,816,0,0,0,0,4,59,54
"10632.jpg","S013","Forgery",24,"Blue",1391,816,0,1,4,1,59,63,72
"40224.jpg","S013","Forgery",25,"Blue",1391,816,0,1,5,1,27,78,18
"40303.jpg","S013","Forgery",26,"Blue",1391,816,0,-1,4,0,61,55,-15
"51326.jpg","S013","AI",27,"Red",1391,816,0,1,4,0,32,-23,12
"11122.jpg","S013","Human",28,"Green",1391,816,0,-1,5,1,12,84,89
"10319.jpg","S013","Forgery",29,"Blue",1391,816,0,-1,4,0,56,72,71
"51322.jpg","S013","AI",30,"Red",1391,816,0,0,0,0,23,76,74
"10648.jpg","S013","Forgery",31,"Blue",1391,816,0,1,4,1,47,63,60
"40716.jpg","S013","AI",32,"Red",1391,816,0,0,4,1,44,58,66
"10634.jpg","S013","AI",33,"Red",1391,816,0,2,4,1,39,-26,32
"10224.jpg","S013","Forgery",34,"Blue",1391,816,0,-1,5,1,18,-59,33
"10229.jpg","S013","Forgery",35,"Blue",1391,816,0,1,4,1,40,64,43
"10601.jpg","S013","Human",36,"Green",1391,816,0,-1,4,0,63,54,-12
"10226.jpg","S013","Forgery",37,"Blue",1391,816,0,1,4,0,9,-38,-47
"21022.jpg","S013","AI",38,"Red",1391,816,0,0,2,0,6,-77,85
"51219.jpg","S013","AI",39,"Red",1391,816,0,-1,4,0,36,74,68
"21019.jpg","S013","Human",40,"Green",1391,816,0,2,4,1,53,72,68
"11016.jpg","S013","Human",41,"Green",1391,816,0,1,4,1,31,-38,28
"30410.jpg","S013","AI",42,"Red",1391,816,0,1,5,1,21,-29,-31
"40710.jpg","S013","Human",43,"Green",1391,816,0,2,4,1,7,79,84
"10609.jpg","S013","Human",44,"Green",1391,816,0,2,4,1,8,43,-68
"10514.jpg","S013","Forgery",45,"Blue",1391,816,0,1,4,1,22,64,76
"11126.jpg","S013","Forgery",46,"Blue",1391,816,0,-1,3,0,13,-73,73
"40229.jpg","S013","AI",47,"Red",1391,816,0,-1,2,0,28,-64,78
"30407.jpg","S013","AI",48,"Red",1391,816,0,1,4,1,43,75,62
"20107.jpg","S013","AI",49,"Red",1391,816,0,0,4,1,26,-23,18
"11026.jpg","S013","Human",50,"Green",1391,816,0,1,5,1,58,-22,20
"41026.jpg","S013","AI",51,"Red",1391,816,0,1,2,0,54,-18,-25
"40309.jpg","S013","Forgery",52,"Blue",1391,816,0,-1,4,0,57,-34,15
"10124.jpg","S013","AI",53,"Red",1391,816,0,-3,5,1,15,70,-18
"50937.jpg","S013","Forgery",54,"Blue",1391,816,0,-1,0,0,34,55,-24
"40215.jpg","S013","Forgery",55,"Blue",1391,816,0,-1,2,0,38,61,36
"51218.jpg","S013","AI",56,"Red",1391,816,0,1,4,1,5,-65,80
"30201.jpg","S013","Human",57,"Green",1391,816,0,2,5,1,55,67,30
"11014.jpg","S013","Forgery",58,"Blue",1391,816,0,-3,5,1,42,43,-13
"31006.jpg","S013","Human",59,"Green",1391,816,0,1,1,0,62,-40,46
"51204.jpg","S013","Forgery",60,"Blue",1391,816,0,0,0,0,49,40,15
"20714.jpg","S013","AI",61,"Red",1391,816,0,-2,2,0,50,-48,23
"20127.jpg","S013","AI",62,"Red",1391,816,0,1,4,1,20,-32,28
"20501.jpg","S013","Human",63,"Green",1391,816,0,-1,4,0,16,-51,81
"31016.jpg","S013","AI",64,"Red",1391,816,0,1,0,0,11,-39,57
"40303.jpg","S010","AI",1,"Green",726,360,0.52,-2,1,3,57,-32,-82
"20501.jpg","S010","AI",2,"Green",726,360,-0.63,-1,2,2,56,83,46
"30215.jpg","S010","Human",3,"Red",726,360,1.2,0,2,2,26,100,100
"11026.jpg","S010","Forgery",4,"Blue",726,360,0.55,0,1,1,52,100,-100
"40716.jpg","S010","AI",5,"Green",726,360,-1.74,-2,0,0,12,-100,-84
"10709.jpg","S010","AI",6,"Green",726,360,-2.43,-3,2,1,11,-100,-100
"51322.jpg","S010","AI",7,"Green",726,360,-0.45,-1,0,0,19,-100,-100
"20127.jpg","S010","Human",8,"Red",726,360,1.22,0,2,3,8,100,100
"20718.jpg","S010","Human",9,"Red",726,360,-0.42,-2,2,1,1,73,68
"10634.jpg","S010","AI",10,"Green",726,360,0.94,0,3,2,37,-93,-100
"41026.jpg","S010","Human",11,"Red",726,360,0.53,-1,2,1,43,88,-100
"51003.jpg","S010","Forgery",12,"Blue",726,360,-0.52,0,2,1,17,-100,-95
"10319.jpg","S010","Forgery",13,"Blue",726,360,-1.48,-3,3,2,46,100,-100
"40309.jpg","S010","Forgery",14,"Blue",726,360,1.26,0,2,1,39,-100,-100
"30410.jpg","S010","AI",15,"Green",726,360,1.13,0,2,2,27,100,100
"40710.jpg","S010","Human",16,"Red",726,360,-0.5,-1,3,1,53,-100,-100
"21022.jpg","S010","Forgery",17,"Blue",726,360,0.3,0,2,1,4,51,-60
"30622.jpg","S010","Human",18,"Red",726,360,1.9,1,3,2,60,35,-17
"10601.jpg","S010","Forgery",19,"Blue",726,360,-0.4,-1,1,0,23,-100,-100
"51204.jpg","S010","Forgery",20,"Blue",726,360,1.76,1,3,2,42,-100,-100
"51328.jpg","S010","Human",21,"Red",726,360,-1.75,-2,0,0,5,47,27
"40224.jpg","S010","AI",22,"Green",726,360,0.56,0,3,1,51,-100,-46
"20107.jpg","S010","Forgery",23,"Blue",726,360,1.09,-1,3,2,34,83,-86
"11016.jpg","S010","Human",24,"Red",726,360,-1.52,-2,0,0,15,-86,-100
"40207.jpg","S010","Human",25,"Red",726,360,1.8,0,2,2,13,88,100
"10223.jpg","S010","Forgery",26,"Blue",726,360,0.66,-1,2,1,55,100,88
"30620.jpg","S010","Forgery",27,"Blue",726,360,-0.39,-1,0,0,29,82,-61
"10224.jpg","S010","AI",28,"Green",726,360,-0.91,-2,1,0,38,-100,-100
"11014.jpg","S010","AI",29,"Green",726,360,-1.91,-2,0,0,31,-81,-100
"10229.jpg","S010","AI",30,"Green",726,360,0.3,0,1,1,41,-88,-100
"31016.jpg","S010","Human",31,"Red",726,360,2.11,1,3,2,61,100,66
"11126.jpg","S010","Forgery",32,"Blue",726,360,-1.38,-2,2,0,49,-100,-73
"40215.jpg","S010","AI",33,"Green",726,360,0.49,0,2,0,20,-100,-100
"21019.jpg","S010","AI",34,"Green",726,360,-0.34,-1,1,0,7,-100,-100
"20608.jpg","S010","AI",35,"Green",726,360,-0.72,-2,0,0,22,-100,-100
"51323.jpg","S010","Human",36,"Red",726,360,-1.85,-3,0,0,33,-100,-100
"31006.jpg","S010","Forgery",37,"Blue",726,360,0.5,-1,3,1,9,-100,-100
"51326.jpg","S010","AI",38,"Green",726,360,1.31,1,0,1,14,-100,100
"10648.jpg","S010","Human",39,"Red",726,360,0.55,1,2,0,47,100,-100
"30408.jpg","S010","Forgery",40,"Blue",726,360,0.6,0,2,0,10,39,38
"30201.jpg","S010","Forgery",41,"Blue",726,360,0.37,0,2,0,50,100,-80
"20203.jpg","S010","Human",42,"Red",726,360,0.45,0,2,0,3,-100,-51
"51218.jpg","S010","AI",43,"Green",726,360,-1.14,-2,1,0,63,-68,-100
"20714.jpg","S010","AI",44,"Green",726,360,-2.29,-3,0,0,40,-95,-100
"40229.jpg","S010","AI",45,"Green",726,360,0.52,-2,0,0,45,100,-100
"11122.jpg","S010","Human",46,"Red",726,360,1.17,1,3,3,59,100,100
"10609.jpg","S010","Forgery",47,"Blue",726,360,1.78,1,3,3,44,100,100
"10226.jpg","S010","Forgery",48,"Blue",726,360,0.45,0,2,1,30,85,-100
"50937.jpg","S010","Human",49,"Red",726,360,-3,-2,1,0,62,-100,-100
"30407.jpg","S010","Human",50,"Red",726,360,2,1,3,1,36,100,100
"50815.jpg","S010","Forgery",51,"Blue",726,360,2.6,2,3,2,16,100,100
"10130.jpg","S010","Human",52,"Red",726,360,2.69,3,5,4,58,100,100
"10624.jpg","S010","Forgery",53,"Blue",726,360,1.18,1,3,3,21,-85,-37
"11127.jpg","S010","Human",54,"Red",726,360,-2.61,-2,0,0,48,-89,-100
"50908.jpg","S010","AI",55,"Green",726,360,0.95,0,2,1,24,-100,-100
"41004.jpg","S010","AI",56,"Green",726,360,0.42,0,2,1,28,-100,-75
"30211.jpg","S010","Forgery",57,"Blue",726,360,0.71,1,0,0,32,100,88
"10632.jpg","S010","Human",58,"Red",726,360,1.12,-2,3,1,18,100,100
"51208.jpg","S010","AI",59,"Green",726,360,0.72,0,2,0,54,-100,-100
"10124.jpg","S010","Forgery",60,"Blue",726,360,2.08,-2,4,3,6,19,-24
"30403.jpg","S010","Human",61,"Red",726,360,0.61,-1,0,0,64,100,100
"51219.jpg","S010","Forgery",62,"Blue",726,360,-2.4,-3,0,0,25,100,82
"10514.jpg","S010","Forgery",63,"Blue",726,360,1.6,1,2,2,2,100,100
"50940.jpg","S010","AI",64,"Green",726,360,-1.51,0,4,1,35,-97,-100
"41026.jpg","S017","Human",1,"Red",1536,864,0.8,-2,4,3,25,59,61
"10319.jpg","S017","Forgery",2,"Green",1536,864,1.4,-1,5,4,36,60,63
"50815.jpg","S017","Forgery",3,"Green",1536,864,-1.9,0,0,0,26,-58,-56
"10709.jpg","S017","Forgery",4,"Green",1536,864,-0.8,-1,2,0,17,43,50
"20501.jpg","S017","Human",5,"Red",1536,864,-0.5,-1,2,1,37,-57,61
"20718.jpg","S017","Forgery",6,"Green",1536,864,1.3,1,4,2,43,51,55
"51323.jpg","S017","AI",7,"Blue",1536,864,-0.5,-1,0,0,58,-58,66
"51328.jpg","S017","Human",8,"Red",1536,864,1,-1,4,3,10,63,52
"11016.jpg","S017","Forgery",9,"Green",1536,864,-1.4,-1,2,1,49,45,-62
"10226.jpg","S017","Forgery",10,"Green",1536,864,0.9,1,4,2,35,44,49
"30410.jpg","S017","AI",11,"Blue",1536,864,0.4,0,2,2,53,43,37
"50940.jpg","S017","Forgery",12,"Green",1536,864,0.6,0,0,1,51,53,-60
"20608.jpg","S017","AI",13,"Blue",1536,864,-1,-1,2,1,41,28,-53
"51218.jpg","S017","AI",14,"Blue",1536,864,0.8,2,3,2,9,34,25
"51219.jpg","S017","Human",15,"Red",1536,864,1.4,1,4,3,45,50,-49
"20714.jpg","S017","Human",16,"Red",1536,864,1.5,1,4,3,44,63,27
"30407.jpg","S017","Forgery",17,"Green",1536,864,2,2,4,3,39,45,-54
"30215.jpg","S017","AI",18,"Blue",1536,864,0.4,0,1,1,62,44,26
"30408.jpg","S017","AI",19,"Blue",1536,864,1.1,2,3,2,27,-47,-36
"51204.jpg","S017","Forgery",20,"Green",1536,864,-0.7,-1,1,1,50,-64,-57
"21019.jpg","S017","Forgery",21,"Green",1536,864,0.2,1,2,1,24,-56,59
"10634.jpg","S017","Human",22,"Red",1536,864,0.9,1,3,2,2,-15,-31
"40303.jpg","S017","AI",23,"Blue",1536,864,0.3,-1,2,1,3,35,32
"11026.jpg","S017","Forgery",24,"Green",1536,864,0.4,1,2,2,20,42,40
"51322.jpg","S017","AI",25,"Blue",1536,864,-2.26,0,0,0,28,-40,-36
"40229.jpg","S017","Human",26,"Red",1536,864,0.6,-2,3,2,52,-61,-61
"31006.jpg","S017","Human",27,"Red",1536,864,1.4,1,4,3,64,35,-42
"41004.jpg","S017","Forgery",28,"Green",1536,864,1,2,3,2,33,-56,-51
"21022.jpg","S017","Human",29,"Red",1536,864,-1.02,-1,1,0,11,18,-44
"10624.jpg","S017","AI",30,"Blue",1536,864,-0.25,0,1,0,38,47,34
"10223.jpg","S017","Forgery",31,"Green",1536,864,0.7,1,3,1,34,26,-46
"40710.jpg","S017","Forgery",32,"Green",1536,864,0.2,-1,2,2,54,49,15
"10648.jpg","S017","Forgery",33,"Green",1536,864,-0.4,-1,1,1,40,-60,-64
"40207.jpg","S017","Human",34,"Red",1536,864,1.55,1,4,3,42,45,51
"40215.jpg","S017","AI",35,"Blue",1536,864,0.46,-1,2,2,14,-45,27
"40309.jpg","S017","Human",36,"Red",1536,864,0.34,-2,4,3,16,44,57
"10229.jpg","S017","AI",37,"Blue",1536,864,-1.25,-1,0,0,8,-21,21
"10224.jpg","S017","Human",38,"Red",1536,864,1.46,1,4,3,7,77,76
"10601.jpg","S017","AI",39,"Blue",1536,864,0.67,1,3,2,61,45,38
"10130.jpg","S017","Human",40,"Red",1536,864,0.82,1,4,3,46,47,-39
"20127.jpg","S017","AI",41,"Blue",1536,864,-0.7,-1,1,0,5,47,-45
"30622.jpg","S017","Human",42,"Red",1536,864,1.2,2,3,2,22,37,32
"51003.jpg","S017","Human",43,"Red",1536,864,1.66,2,4,2,32,43,35
"30620.jpg","S017","Forgery",44,"Green",1536,864,0.39,0,0,0,15,-35,-34
"50937.jpg","S017","Forgery",45,"Green",1536,864,-0.71,0,0,0,13,32,-31
"40224.jpg","S017","Human",46,"Red",1536,864,0.82,1,5,2,29,46,52
"10514.jpg","S017","Forgery",47,"Green",1536,864,0.18,1,1,1,23,39,-40
"10124.jpg","S017","Forgery",48,"Green",1536,864,0.62,1,5,2,4,40,39
"50908.jpg","S017","Human",49,"Red",1536,864,-0.6,-1,1,0,47,-52,-53
"40716.jpg","S017","AI",50,"Blue",1536,864,-2.79,0,0,0,56,46,-51
"11014.jpg","S017","AI",51,"Blue",1536,864,-0.9,-1,0,0,19,-51,-55
"20107.jpg","S017","Forgery",52,"Green",1536,864,-0.6,-1,0,0,31,39,36
"31016.jpg","S017","Human",53,"Red",1536,864,0.9,1,4,2,18,21,-44
"30201.jpg","S017","Forgery",54,"Green",1536,864,1.2,1,4,3,57,48,-57
"30211.jpg","S017","Human",55,"Red",1536,864,1.65,2,3,3,12,36,14
"11122.jpg","S017","Human",56,"Red",1536,864,-0.7,-1,4,1,6,-58,-52
"51208.jpg","S017","Human",57,"Red",1536,864,0.58,1,4,2,48,-58,-53
"11126.jpg","S017","Forgery",58,"Green",1536,864,1.72,2,5,2,60,-62,65
"10609.jpg","S017","Human",59,"Red",1536,864,1.62,2,5,3,1,41,-20
"10632.jpg","S017","AI",60,"Blue",1536,864,-1.35,-2,0,0,21,-24,-24
"20203.jpg","S017","AI",61,"Blue",1536,864,-0.4,1,4,1,30,-52,-36
"30403.jpg","S017","AI",62,"Blue",1536,864,0.3,0,1,0,59,-53,-54
"51326.jpg","S017","AI",63,"Blue",1536,864,0.21,0,1,0,63,-60,-54
"11127.jpg","S017","AI",64,"Blue",1536,864,0.8,1,4,2,55,-59,68
"30620.jpg","S005","AI",1,"Green",715,322,1.14,0,2,3,22,-28,-44
"11127.jpg","S005","Forgery",2,"Red",715,322,-1.97,-2,5,0,12,-35,-43
"10223.jpg","S005","Forgery",3,"Red",715,322,0.67,0,3,2,61,33,29
"40303.jpg","S005","Forgery",4,"Red",715,322,0,-1,3,0,8,42,53
"41004.jpg","S005","Forgery",5,"Red",715,322,1.05,1,0,2,63,24,26
"51322.jpg","S005","Forgery",6,"Red",715,322,1.03,1,0,3,42,-87,-76
"20501.jpg","S005","Human",7,"Blue",715,322,1.24,0,4,2,4,54,41
"50937.jpg","S005","Human",8,"Blue",715,322,1.14,-1,2,2,62,-100,-79
"10229.jpg","S005","Human",9,"Blue",715,322,1,-1,2,2,32,39,28
"50940.jpg","S005","AI",10,"Green",715,322,1.43,1,0,1,29,-39,-29
"11016.jpg","S005","Forgery",11,"Red",715,322,0,0,2,2,13,-42,-37
"20608.jpg","S005","AI",12,"Green",715,322,1.39,1,5,3,18,82,84
"10319.jpg","S005","AI",13,"Green",715,322,-0.54,-1,4,2,58,55,51
"21022.jpg","S005","Human",14,"Blue",715,322,-1.62,-2,4,0,33,-80,-71
"10124.jpg","S005","Human",15,"Blue",715,293,0.87,0,4,2,60,65,57
"10601.jpg","S005","Forgery",16,"Red",715,293,1.17,1,1,2,15,41,41
"50815.jpg","S005","Human",17,"Blue",715,293,1.49,1,1,2,56,30,26
"40215.jpg","S005","Human",18,"Blue",715,293,2.37,1,1,3,2,65,46
"40716.jpg","S005","Human",19,"Blue",715,293,2.55,2,4,4,24,48,34
"40309.jpg","S005","Forgery",20,"Red",715,293,0.97,-1,3,3,9,29,39
"21019.jpg","S005","AI",21,"Green",715,293,1.07,1,4,2,37,-74,-100
"11014.jpg","S005","Forgery",22,"Red",715,293,-1.29,-1,3,0,31,-26,-32
"51219.jpg","S005","Forgery",23,"Red",715,293,-0.93,0,1,0,16,-52,-39
"30410.jpg","S005","Human",24,"Blue",715,293,2.14,0,3,3,44,50,40
"10226.jpg","S005","Human",25,"Blue",715,293,0.65,0,4,2,39,30,32
"31006.jpg","S005","AI",26,"Green",715,293,-0.38,-2,0,0,59,-78,-70
"20714.jpg","S005","Forgery",27,"Red",715,293,-2.16,-3,4,0,1,59,-31
"51003.jpg","S005","AI",28,"Green",715,293,-2.25,-2,0,0,7,27,39
"30215.jpg","S005","AI",29,"Green",715,293,0.55,0,0,1,43,46,56
"10224.jpg","S005","AI",30,"Green",715,293,-2.6,-3,4,0,11,51,43
"40224.jpg","S005","Forgery",31,"Red",715,293,0.68,-1,3,1,30,100,59
"10609.jpg","S005","Forgery",32,"Red",715,293,0.75,1,4,1,50,-63,-62
"30403.jpg","S005","Human",33,"Blue",715,293,2.48,2,3,3,45,-63,-74
"11122.jpg","S005","Human",34,"Blue",715,293,-1.92,-1,5,0,5,-37,-62
"51328.jpg","S005","Human",35,"Blue",715,293,-1.01,0,0,1,49,-75,-61
"51323.jpg","S005","Human",36,"Blue",715,293,-2.1,-2,0,0,19,-81,-72
"51218.jpg","S005","AI",37,"Green",715,293,1.53,1,4,2,20,26,-39
"11126.jpg","S005","Human",38,"Blue",715,293,-1.7,-2,2,0,46,-47,-60
"30407.jpg","S005","Human",39,"Blue",715,293,0.81,0,0,0,26,39,29
"11026.jpg","S005","AI",40,"Green",715,293,-0.71,1,6,2,23,-39,-41
"10624.jpg","S005","Human",41,"Blue",715,293,1.4,0,4,3,38,-29,-24
"30211.jpg","S005","Forgery",42,"Red",715,293,1.18,1,4,2,54,35,34
"20718.jpg","S005","AI",43,"Green",715,293,-2.85,-3,5,0,27,-100,-100
"51326.jpg","S005","Forgery",44,"Red",715,293,0.7,0,0,1,28,-100,-100
"10648.jpg","S005","AI",45,"Green",715,293,-2.16,-2,5,0,35,-28,-55
"10709.jpg","S005","Forgery",46,"Red",715,293,-2.7,-2,6,0,34,-34,-37
"40207.jpg","S005","Forgery",47,"Red",715,293,1.79,-2,4,2,10,40,46
"30201.jpg","S005","AI",48,"Green",715,293,1.14,1,0,1,57,41,57
"40710.jpg","S005","Human",49,"Blue",715,293,0.57,1,0,1,6,51,34
"50908.jpg","S005","AI",50,"Green",715,293,2.02,1,0,3,47,-53,100
"51204.jpg","S005","AI",51,"Green",715,293,0.87,1,0,1,21,-28,-35
"20107.jpg","S005","AI",52,"Green",715,293,-1.09,0,2,0,25,31,33
"40229.jpg","S005","Forgery",53,"Red",715,293,-2.57,-3,6,0,41,-45,-34
"51208.jpg","S005","Forgery",54,"Red",715,293,0.59,0,0,0,40,-35,42
"30408.jpg","S005","AI",55,"Green",715,293,2.23,1,0,1,17,-44,-47
"41026.jpg","S005","Forgery",56,"Red",715,293,1.58,0,3,2,53,-100,-81
"20127.jpg","S005","Forgery",57,"Red",715,293,-1.95,-1,4,0,51,31,29
"10130.jpg","S005","AI",58,"Green",715,293,1.17,1,5,2,14,-57,-100
"31016.jpg","S005","Human",59,"Blue",715,293,2.2,2,2,3,64,-100,-62
"30622.jpg","S005","Human",60,"Blue",715,293,3,2,3,3,52,-100,-87
"10632.jpg","S005","AI",61,"Green",715,293,-2.02,-1,4,0,55,-75,-100
"10514.jpg","S005","Forgery",62,"Red",715,293,1.36,1,4,1,48,38,46
"10634.jpg","S005","AI",63,"Green",715,293,-0.78,-1,4,0,36,28,-29
"20203.jpg","S005","Human",64,"Blue",715,293,1.8,2,4,2,3,43,54
"30408.jpg","S003","AI",1,"Red",980,1666,0,1,4,0,15,-29,-26
"51328.jpg","S003","Forgery",2,"Green",980,1666,0,2,3,0,11,29,25
"10514.jpg","S003","AI",3,"Red",980,1666,0.9,1,4,0,57,-66,-62
"31016.jpg","S003","Human",4,"Blue",980,1666,0,0,4,0,2,31,28
"20127.jpg","S003","Forgery",5,"Green",980,1666,0.9,-1,5,1,38,28,-33
"40303.jpg","S003","Human",6,"Blue",980,1666,0,-1,4,0,56,-36,30
"20501.jpg","S003","AI",7,"Red",980,1666,0.5,1,5,0,41,27,-40
"11127.jpg","S003","Forgery",8,"Green",980,1666,-0.9,-1,5,0,61,-32,-37
"30215.jpg","S003","Forgery",9,"Green",980,1666,1.7,1,5,1,30,46,36
"40716.jpg","S003","Human",10,"Blue",980,1666,0,0,0,0,8,-60,-94
"41026.jpg","S003","AI",11,"Red",980,1666,0.9,-2,5,1,48,-36,-43
"51204.jpg","S003","Human",12,"Blue",980,1666,-1.6,-1,1,0,39,-34,24
"30201.jpg","S003","Human",13,"Blue",980,1666,0,1,3,0,44,28,19
"11126.jpg","S003","Forgery",14,"Green",980,1666,-0.9,-1,3,0,50,-51,-43
"20107.jpg","S003","AI",15,"Red",980,1666,0.5,-1,4,0,42,12,0
"50815.jpg","S003","Human",16,"Blue",980,1666,-0.5,1,2,0,23,33,31
"10224.jpg","S003","AI",17,"Red",980,1666,-0.6,0,3,0,26,-42,-66
"50940.jpg","S003","AI",18,"Red",980,1666,-0.6,0,0,0,59,0,0
"41004.jpg","S003","Forgery",19,"Green",980,1666,0.6,-1,3,0,24,-42,-38
"30622.jpg","S003","Human",20,"Blue",980,1666,0,0,2,0,54,30,21
"10229.jpg","S003","Human",21,"Blue",980,1666,1.7,2,5,2,16,-46,-41
"10130.jpg","S003","AI",22,"Red",980,1666,0,1,4,0,25,36,-44
"40229.jpg","S003","Human",23,"Blue",980,1666,0.8,-2,4,0,9,-13,-24
"10648.jpg","S003","AI",24,"Red",980,1666,0.7,1,4,0,36,-40,0
"10609.jpg","S003","Human",25,"Blue",980,1666,0.95,1,4,1,53,-33,-32
"10223.jpg","S003","Forgery",26,"Green",980,1666,1.7,1,4,0,20,32,30
"50937.jpg","S003","Forgery",27,"Green",980,1666,0.8,-1,5,1,64,30,-26
"51208.jpg","S003","AI",28,"Red",980,1666,-1,-1,2,0,43,13,0
"31006.jpg","S003","Human",29,"Blue",980,1666,1.6,1,3,0,12,27,-24
"51003.jpg","S003","AI",30,"Red",980,1666,0.7,1,3,0,52,31,0
"21022.jpg","S003","Forgery",31,"Green",980,1666,0.7,1,4,0,22,-33,-100
"20608.jpg","S003","Forgery",32,"Green",980,1666,-1.1,-1,3,0,29,-65,-52
"11122.jpg","S003","Forgery",33,"Green",980,1666,0.7,-1,5,1,63,33,36
"10319.jpg","S003","Human",34,"Blue",980,1666,1.4,-3,4,1,5,-68,-60
"51323.jpg","S003","Human",35,"Blue",980,1666,0.7,0,0,0,47,-23,-28
"40207.jpg","S003","AI",36,"Red",980,1666,0.5,0,1,0,31,34,45
"51218.jpg","S003","AI",37,"Red",980,1666,0,1,3,0,35,37,33
"30211.jpg","S003","AI",38,"Red",980,1666,1.14,1,3,0,14,-30,-39
"30410.jpg","S003","Forgery",39,"Green",980,1666,1.07,-1,6,2,55,-24,-20
"40224.jpg","S003","Forgery",40,"Green",980,1666,-0.28,0,3,0,46,16,13
"20203.jpg","S003","AI",41,"Red",980,1666,-0.81,-1,4,0,18,32,32
"30403.jpg","S003","Forgery",42,"Green",980,1666,0.47,0,3,0,10,21,23
"30407.jpg","S003","AI",43,"Red",980,1666,0.95,1,4,0,19,-59,-70
"10226.jpg","S003","Human",44,"Blue",980,1666,1.04,2,5,1,3,39,-46
"10709.jpg","S003","Forgery",45,"Green",980,1666,0.81,0,5,1,21,-18,-39
"10601.jpg","S003","AI",46,"Red",980,1666,0.37,2,5,0,45,27,25
"11016.jpg","S003","AI",47,"Red",980,1666,-2.4,-1,3,0,62,-97,-83
"51219.jpg","S003","Human",48,"Blue",980,1666,0.15,0,0,0,17,33,-28
"10124.jpg","S003","Forgery",49,"Green",980,1666,-1.03,-1,3,0,33,0,0
"20714.jpg","S003","Human",50,"Blue",980,1666,2.16,-1,4,2,7,-62,46
"10632.jpg","S003","Forgery",51,"Green",980,1666,1.7,1,4,1,49,-49,26
"51326.jpg","S003","Human",52,"Blue",980,1666,2.13,3,3,1,27,40,42
"10624.jpg","S003","Forgery",53,"Green",980,1666,1.08,1,4,1,34,21,-34
"20718.jpg","S003","AI",54,"Red",980,1666,0.48,-2,4,0,28,39,-44
"40710.jpg","S003","AI",55,"Red",980,1666,-0.41,1,3,0,6,-53,-64
"30620.jpg","S003","Forgery",56,"Green",980,1666,0.6,0,4,0,60,-78,-67
"50908.jpg","S003","Human",57,"Blue",980,1666,1.69,2,3,1,51,54,39
"21019.jpg","S003","Forgery",58,"Green",980,1666,-1.79,-2,3,0,4,34,37
"40215.jpg","S003","Human",59,"Blue",980,1666,0.57,0,4,0,32,-37,-34
"11014.jpg","S003","AI",60,"Red",980,1666,-1.89,-2,3,0,40,-26,32
"51322.jpg","S003","AI",61,"Red",980,1666,1.02,1,2,0,13,-22,-32
"11026.jpg","S003","Forgery",62,"Green",980,1666,1.73,2,5,0,58,27,23
"10634.jpg","S003","Human",63,"Blue",980,1666,0.95,0,3,0,37,-44,0
"40309.jpg","S003","Human",64,"Blue",980,1666,1.45,0,2,0,1,41,41
"30410.jpg","S002","AI",1,"Red",980,469,1.4,-1,3,1,25,34,-35
"40716.jpg","S002","Forgery",2,"Blue",980,469,2.1,2,5,3,28,100,100
"20107.jpg","S002","Human",3,"Green",980,469,-1,0,3,3,34,45,-49
"40710.jpg","S002","Forgery",4,"Blue",980,469,2.4,2,5,3,51,100,58
"41004.jpg","S002","AI",5,"Red",980,469,1,1,4,1,45,28,32
"40224.jpg","S002","AI",6,"Red",980,469,0.5,0,5,2,60,76,72
"11026.jpg","S002","AI",7,"Red",980,469,1.2,1,5,2,63,-45,55
"30622.jpg","S002","Forgery",8,"Blue",980,469,2,2,5,3,5,100,-86
"40303.jpg","S002","AI",9,"Red",980,469,-0.9,0,4,2,36,37,-35
"10609.jpg","S002","Human",10,"Green",980,469,1.6,1,4,3,32,43,47
"51326.jpg","S002","AI",11,"Red",980,469,-1.3,-1,2,0,40,-99,62
"11016.jpg","S002","Forgery",12,"Blue",980,469,-1.3,-2,5,1,57,54,59
"10224.jpg","S002","AI",13,"Red",980,469,-1.2,-1,3,0,9,-100,56
"50940.jpg","S002","AI",14,"Red",980,469,0,0,1,0,53,39,34
"30211.jpg","S002","Human",15,"Green",980,469,1.4,1,4,4,52,100,-56
"10601.jpg","S002","Human",16,"Green",980,469,1.4,1,5,4,1,100,29
"20203.jpg","S002","Forgery",17,"Blue",980,469,0.4,2,5,3,38,43,42
"11127.jpg","S002","AI",18,"Red",980,469,-0.8,-1,4,0,15,-100,100
"40229.jpg","S002","Forgery",19,"Blue",980,469,-0.8,-1,4,0,61,38,44
"20718.jpg","S002","Human",20,"Green",980,469,0.9,-1,5,4,16,100,100
"51219.jpg","S002","Human",21,"Green",980,469,1.4,1,5,3,19,82,59
"10223.jpg","S002","Human",22,"Green",980,469,0.5,-1,4,3,31,25,26
"31006.jpg","S002","AI",23,"Red",980,469,1.3,0,3,1,12,100,100
"30408.jpg","S002","Forgery",24,"Blue",980,469,1.1,1,3,2,21,65,-100
"51204.jpg","S002","Human",25,"Green",980,469,0.5,-1,4,3,22,56,49
"51323.jpg","S002","Forgery",26,"Blue",980,469,-1,-1,3,0,39,46,43
"50815.jpg","S002","Forgery",27,"Blue",980,469,2.6,2,5,4,30,100,-47
"51322.jpg","S002","Forgery",28,"Blue",980,469,2,2,5,3,26,38,-66
"40309.jpg","S002","Forgery",29,"Blue",980,469,1.1,1,4,3,64,44,49
"11126.jpg","S002","Forgery",30,"Blue",980,469,0.9,1,4,2,35,38,39
"50908.jpg","S002","Forgery",31,"Blue",980,469,2,2,4,3,17,71,65
"30407.jpg","S002","Human",32,"Green",980,469,0.5,1,3,2,44,20,-85
"20501.jpg","S002","Forgery",33,"Blue",980,469,0.5,1,4,2,13,-83,-64
"10229.jpg","S002","Forgery",34,"Blue",980,469,2.1,2,5,3,58,31,33
"40215.jpg","S002","Human",35,"Green",980,469,1.4,1,4,3,54,62,-39
"10130.jpg","S002","AI",36,"Red",980,469,1.2,1,4,2,11,100,-100
"30201.jpg","S002","Forgery",37,"Blue",980,469,1.9,2,5,3,3,-54,97
"10648.jpg","S002","Human",38,"Green",980,469,0.8,1,5,3,29,74,52
"51328.jpg","S002","Human",39,"Green",980,469,1.3,1,4,3,4,100,94
"10634.jpg","S002","Forgery",40,"Blue",980,469,-0.5,-1,5,3,18,73,-79
"31016.jpg","S002","Forgery",41,"Blue",980,469,0.9,1,4,3,23,-63,-49
"10709.jpg","S002","AI",42,"Red",980,469,0.4,-2,4,0,41,-26,-24
"20127.jpg","S002","AI",43,"Red",980,469,-1.1,-2,2,0,27,-58,-51
"11122.jpg","S002","AI",44,"Red",980,469,-1,-1,5,2,48,100,49
"41026.jpg","S002","AI",45,"Red",980,469,0.9,0,4,2,59,100,100
"10624.jpg","S002","AI",46,"Red",980,469,-0.7,-1,4,0,10,-64,0
"30620.jpg","S002","AI",47,"Red",980,469,0.5,0,4,0,33,-49,54
"11014.jpg","S002","Human",48,"Green",980,469,-0.5,-2,5,2,8,-90,-56
"51003.jpg","S002","AI",49,"Red",980,469,0.6,0,3,2,2,66,56
"20608.jpg","S002","AI",50,"Red",980,469,0.4,-1,3,0,37,-50,-48
"40207.jpg","S002","Forgery",51,"Blue",980,469,0.5,-1,4,2,62,37,46
"30215.jpg","S002","AI",52,"Red",980,469,1.2,0,3,0,43,-51,-45
"30403.jpg","S002","Forgery",53,"Blue",980,469,1.4,1,4,3,56,-66,-63
"21019.jpg","S002","Human",54,"Green",980,469,-0.4,1,4,2,14,-78,-69
"10124.jpg","S002","Human",55,"Green",980,469,1.1,1,5,3,42,66,-40
"10514.jpg","S002","Human",56,"Green",980,469,1,1,3,3,6,-100,100
"20714.jpg","S002","AI",57,"Red",980,469,-0.8,-1,4,0,47,26,30
"10632.jpg","S002","Human",58,"Green",980,469,0.8,1,4,3,49,100,43
"10226.jpg","S002","Forgery",59,"Blue",980,469,0.7,0,4,3,50,43,-41
"10319.jpg","S002","Human",60,"Green",980,469,-0.6,-2,6,4,7,100,-100
"51208.jpg","S002","AI",61,"Red",980,469,1.7,1,3,2,24,-56,42
"50937.jpg","S002","Human",62,"Green",980,469,1,2,5,3,20,100,100
"51218.jpg","S002","Human",63,"Green",980,469,1,1,5,3,55,-100,37
"21022.jpg","S002","Human",64,"Green",980,469,1.5,2,4,3,46,-100,-64
